#Albury
Riverina,Khancoban
Riverina,Rosewood
Riverina,Tumbarumba
Farrer,Albury
Farrer,Albury Central
Farrer,Albury East
Farrer,Albury FARRER PPVC
Farrer,Albury North
Farrer,Albury West
Farrer,Burrumbuttock
Farrer,Corowa
Farrer,Corowa PPVC
Farrer,Culcairn
Farrer,Gerogery
Farrer,Glenroy
Farrer,Henty
Farrer,Holbrook
Farrer,Howlong
Farrer,Hume
Farrer,Jindera
Farrer,Lavington
Farrer,Lavington East
Farrer,Lavington PPVC
Farrer,Mulwala
Farrer,Oaklands
Farrer,Springdale Heights
Farrer,Table Top
Farrer,Thurgoona
Farrer,Thurgoona East
Farrer,Urana
Farrer,Walbundrie
Farrer,Walla Walla
Farrer,Yarrawonga FARRER PPVC
#Auburn
Blaxland,Auburn
Blaxland,Auburn BLAXLAND PPVC
Blaxland,Auburn Central
Blaxland,Auburn East
Blaxland,Auburn North
Blaxland,Auburn West
Blaxland,Bankstown BLAXLAND PPVC
Blaxland,Bass Hill (Blaxland)
Blaxland,Bass Hill West (Blaxland)
Blaxland,Berala
Blaxland,Berala BLAXLAND PPVC
Blaxland,Berala South
Blaxland,Birrong (Blaxland)
Blaxland,Chester Hill
Blaxland,Chester Hill Central
Blaxland,Chester Hill North East
Blaxland,Lidcombe (Blaxland)
Blaxland,Lidcombe South
Blaxland,Regents Park
Blaxland,Sefton
Blaxland,Silverwater (Blaxland)
Reid,Auburn REID PPVC
Reid,Berala REID PPVC
Reid,Lidcombe (Reid)
Watson,Berala WATSON PPVC
Watson,Birrong (Watson)
Watson,Yagoona West
#Badgerys Creek
Lindsay,Glenmore Park
Lindsay,Glenmore Park Central
Lindsay,Glenmore Park East
Lindsay,Glenmore Park LINDSAY PPVC
Lindsay,Glenmore Park South
Lindsay,Mulgoa
Lindsay,Regentville
McMahon,Erskine Park
McMahon,Erskine Park Central
McMahon,Horsley Park
McMahon,Kemps Creek (McMahon)
McMahon,Penrith MCMAHON PPVC
McMahon,St Clair
McMahon,St Clair East
McMahon,St Clair South
McMahon,St Clair South West
McMahon,St Clair West
McMahon,St Marys MCMAHON PPVC
Hume,Bringelly
Hume,Glenmore Park HUME PPVC
Hume,Luddenham
Hume,Oran Park
Hume,Oran Park HUME PPVC
Hume,Oran Park North
Hume,Oran Park North West
Hume,Penrith HUME PPVC
Hume,Wallacia
#Ballina
Page,Alstonville
Page,Ballina (Page)
Page,Ballina PAGE PPVC
Page,Mcleans Ridges
Page,Meerschaum Vale
Page,Rous
Page,Wardell
Page,Wollongbar
Richmond,Ballina (Richmond)
Richmond,Ballina East
Richmond,Ballina North
Richmond,Ballina RICHMOND PPVC
Richmond,Ballina West
Richmond,Bangalow
Richmond,Billinudgel
Richmond,Brunswick Heads
Richmond,Byron Bay
Richmond,Byron Bay PPVC
Richmond,Byron Bay South
Richmond,Coorabell
Richmond,Durrumbul
Richmond,Ewingsdale
Richmond,Fernleigh
Richmond,Lennox Head
Richmond,Lismore RICHMOND PPVC
Richmond,Mullumbimby
Richmond,Mullumbimby South
Richmond,Newrybar
Richmond,Ocean Shores
Richmond,Ocean Shores North
Richmond,Skennars Head
Richmond,Suffolk Park
Richmond,Tintenbar
#Balmain
Sydney,Balmain Central
Sydney,Balmain East
Sydney,Birchgrove
Sydney,Birchgrove East
Sydney,Forest Lodge
Sydney,Glebe
Sydney,Glebe East
Sydney,Glebe North
Sydney,Glebe SYDNEY PPVC
Sydney,Glebe West
Sydney,Leichhardt SYDNEY PPVC
Sydney,Lilyfield
Sydney,Lilyfield North
Sydney,Pyrmont South
Sydney,Rozelle
Sydney,Rozelle Central
Sydney,Rozelle East
Sydney,Rozelle North
Sydney,Ultimo Central
Sydney,Ultimo SYDNEY PPVC
Sydney,Ultimo East
Sydney,Ultimo (Sydney)
Grayndler,Annandale Central
Grayndler,Annandale
Grayndler,Annandale North
Grayndler,Glebe GRAYNDLER PPVC
Grayndler,Haymarket GRAYNDLER PPVC
Grayndler,Leichhardt
Grayndler,Leichhardt East
Grayndler,Leichhardt GRAYNDLER PPVC
Grayndler,Leichhardt South
Grayndler,Leichhardt West
Grayndler,Ultimo GRAYNDLER PPVC
Grayndler,Wynyard GRAYNDLER PPVC
#Bankstown
Banks,Belmore BANKS PPVC
Banks,Beverly Hills North (Banks)
Banks,Punchbowl (Banks)
Watson,Bankstown
Watson,Bankstown Central
Watson,Bankstown East
Watson,Bankstown North
Watson,Bankstown South
Watson,Bankstown WATSON PPVC
Watson,Bankstown West
Watson,Chullora
Watson,Condell Park South
Watson,Greenacre
Watson,Greenacre Central
Watson,Greenacre North
Watson,Greenacre West
Watson,Haymarket WATSON PPVC
Watson,Mount Lewis
Watson,Punchbowl (Watson)
Watson,Punchbowl Central
Watson,Punchbowl East
Watson,Ultimo WATSON PPVC
Watson,Wiley Park West
Watson,Wynyard WATSON PPVC
Watson,Yagoona
#Barwon
Parkes,Baan Baa
Parkes,Baradine
Parkes,Bellata
Parkes,Binnaway
Parkes,Boggabri
Parkes,Bourke
Parkes,Bourke PPVC
Parkes,Brewarrina
Parkes,Broken Hill Central
Parkes,Broken Hill Heights
Parkes,Broken Hill North
Parkes,Broken Hill PPVC
Parkes,Broken Hill South
Parkes,Broken Hill West
Parkes,Burren Junction
Parkes,Cobar
Parkes,Cobar PPVC
Parkes,Collarenebri
Parkes,Condobolin
Parkes,Coolah
Parkes,Coonabarabran
Parkes,Coonamble
Parkes,Coonamble PPVC
Parkes,Cumborah
Parkes,Curban
Parkes,Dunedoo
Parkes,Euabalong West
Parkes,Gilgandra
Parkes,Goodooga
Parkes,Gulargambone
Parkes,Ivanhoe
Parkes,Lake Cargelligo
Parkes,Lightning Ridge
Parkes,Lightning Ridge PPVC
Parkes,Mendooran
Parkes,Menindee
Parkes,Narrabri
Parkes,Narrabri Dangar
Parkes,Narrabri PPVC
Parkes,Narrabri West
Parkes,Nyngan
Parkes,Pilliga
Parkes,Purlewaugh
Parkes,Tooraweenah
Parkes,Tottenham
Parkes,Tullibigeal
Parkes,Walgett
Parkes,Warren
Parkes,Wee Waa
Parkes,Wilcannia
#Bathurst
Calare,Barry
Calare,Bathurst
Calare,Bathurst Central
Calare,Bathurst City
Calare,Bathurst Eglinton
Calare,Bathurst North
Calare,Bathurst PPVC
Calare,Bathurst South
Calare,Bathurst West
Calare,Bathurst Windradyne PPVC
Calare,Black Springs
Calare,Blayney
Calare,Capertee
Calare,Carcoar
Calare,Cullen Bullen
Calare,Hampton
Calare,Hartley
Calare,Ilford
Calare,Kandos
Calare,Kelso
Calare,Lithgow Bowenfels
Calare,Lithgow Central
Calare,Lithgow Cooerwull
Calare,Lithgow Hermitage
Calare,Lithgow Oakey Park
Calare,Lithgow PPVC
Calare,Lithgow Tweed Mills
Calare,Lyndhurst
Calare,Mandurama
Calare,Meadow Flat
Calare,Millthorpe
Calare,Oberon
Calare,O'Connell
Calare,Peel
Calare,Perthville
Calare,Portland
Calare,Raglan
Calare,Rockley
Calare,Rylstone
Calare,Trunkey
Calare,Wallerawang
Calare,Wattle Flat
Calare,Yetholme
#Bega
Eden-Monaro,Bega
Eden-Monaro,Bega Central
Eden-Monaro,Bega Heights
Eden-Monaro,Bega PPVC
Eden-Monaro,Bemboka
Eden-Monaro,Bermagui
Eden-Monaro,Bodalla
Eden-Monaro,Brogo
Eden-Monaro,Candelo
Eden-Monaro,Central Tilba
Eden-Monaro,Cobargo
Eden-Monaro,Dalmeny
Eden-Monaro,Eden
Eden-Monaro,Eden Central
Eden-Monaro,Merimbula
Eden-Monaro,Merimbula Central
Eden-Monaro,Merimbula PPVC
Eden-Monaro,Narooma
Eden-Monaro,Narooma PPVC
Eden-Monaro,Pambula
Eden-Monaro,Quaama
Eden-Monaro,Tanja
Eden-Monaro,Tathra
Eden-Monaro,Towamba
Eden-Monaro,Tura Beach
Eden-Monaro,Tuross Head
Eden-Monaro,Wolumla
Eden-Monaro,Wyndham
Gilmore,Batehaven
Gilmore,Batemans Bay
Gilmore,Batemans Bay PPVC
Gilmore,Broulee
Gilmore,Long Beach
Gilmore,Malua Bay
Gilmore,Mogo
Gilmore,Moruya
Gilmore,Moruya South
Gilmore,Nelligen
Gilmore,South Durras
Gilmore,Sunshine Bay
Gilmore,Tomakin
#Blacktown
Greenway,Blacktown GREENWAY PPVC
Greenway,Blacktown North
Greenway,Kings Park
Chifley,Blacktown CHIFLEY PPVC
Chifley,Dean Park
Chifley,Doonside Central
Chifley,Doonside North
Chifley,Glendenning
Chifley,Marayong
Chifley,Marayong Heights
Chifley,Marayong South
Chifley,Marayong West
Chifley,Quakers Hill
Chifley,Woodcroft
McMahon,Arndell Park North
McMahon,Blacktown
McMahon,Blacktown East
McMahon,Blacktown MCMAHON PPVC
McMahon,Blacktown South
McMahon,Blacktown West
McMahon,Doonside
McMahon,Doonside South
#Blue Mountains
Macquarie,Blackheath
Macquarie,Blaxland
Macquarie,Blaxland East
Macquarie,Faulconbridge
Macquarie,Glenbrook
Macquarie,Hazelbrook
Macquarie,Katoomba
Macquarie,Katoomba Central
Macquarie,Katoomba North
Macquarie,Katoomba PPVC
Macquarie,Lapstone
Macquarie,Lawson
Macquarie,Leura
Macquarie,Leura Central
Macquarie,Mount Riverview
Macquarie,Mount Victoria
Macquarie,Springwood
Macquarie,Springwood North
Macquarie,Springwood PPVC
Macquarie,Springwood South
Macquarie,Valley Heights
Macquarie,Warrimoo
Macquarie,Wentworth Falls
Macquarie,Winmalee
Macquarie,Woodford
#Cabramatta
Fowler,Abbotsbury
Fowler,Bonnyrigg (Fowler)
Fowler,Bonnyrigg Central (Fowler)
Fowler,Bossley Park
Fowler,Bossley Park East
Fowler,Bossley Park South
Fowler,Cabramatta
Fowler,Cabramatta East
Fowler,Cabramatta FOWLER PPVC
Fowler,Cabramatta South
Fowler,Cabramatta West
Fowler,Cabramatta West Central
Fowler,Canley Vale (Fowler)
Fowler,Canley Vale FOWLER PPVC
Fowler,Carnes Hill FOWLER PPVC
Fowler,Edensor Park
Fowler,Edensor Park North
Fowler,Greenfield Park
Fowler,Haymarket FOWLER PPVC
Fowler,Lansvale
Fowler,Lansvale East
Fowler,Mount Pritchard (Fowler)
Fowler,Mount Pritchard East
Fowler,St Johns Park
Fowler,Ultimo FOWLER PPVC
Fowler,Wetherill Park FOWLER PPVC
Fowler,Wynyard FOWLER PPVC
#Camden
Hume,Camden
Hume,Camden East
Hume,Camden HUME PPVC
Hume,Camden South
Hume,Campbelltown HUME PPVC
Hume,Cawdor
Hume,Cobbitty
Hume,Elderslie Central
Hume,Harrington Park
Hume,Harrington Park Central
Hume,Mount Annan
Hume,Mount Annan Central
Hume,Narellan
Hume,Narellan HUME PPVC
Hume,Narellan Vale
Hume,Narellan Vale Central
Hume,Spring Farm
Hume,Spring Farm Central
Macarthur,Camden MACARTHUR PPVC
Macarthur,Currans Hill
Macarthur,Gledswood Hills
Macarthur,Gregory Hills
Macarthur,Narellan MACARTHUR PPVC
Macarthur,Oran Park MACARTHUR PPVC
#Campbelltown
Hume,Appin
Macarthur,Airds
Macarthur,Airds North
Macarthur,Ambarvale
Macarthur,Ambarvale North
Macarthur,Ambarvale West
Macarthur,Blairmount
Macarthur,Bradbury
Macarthur,Bradbury North
Macarthur,Campbelltown
Macarthur,Campbelltown East
Macarthur,Campbelltown MACARTHUR PPVC
Macarthur,Campbelltown North
Macarthur,Campbelltown North East
Macarthur,Claymore
Macarthur,Glen Alpine
Macarthur,Kentlyn
Macarthur,Leumeah North
Macarthur,Liverpool MACARTHUR PPVC
Macarthur,Rosemeadow
Macarthur,Rosemeadow East
Macarthur,Ruse
Macarthur,St Helens Park
Macarthur,St Helens Park North
Macarthur,Woodbine
#Canterbury
Barton,Ashfield BARTON PPVC
Barton,Belmore BARTON PPVC
Barton,Belmore South (Barton)
Barton,Beverly Hills North (Barton)
Barton,Canterbury South
Barton,Clemton Park
Barton,Clemton Park West
Barton,Earlwood
Barton,Earlwood Central
Barton,Earlwood South
Barton,Kingsgrove North
Barton,Lakemba Central (Barton)
Barton,Marrickville BARTON PPVC
Barton,Newtown BARTON PPVC
Barton,Roselands
Barton,Undercliffe
Grayndler,Canterbury North
Watson,Belmore Central
Watson,Belmore North
Watson,Belmore South (Watson)
Watson,Belmore WATSON PPVC
Watson,Campsie
Watson,Campsie South
Watson,Lakemba
Watson,Lakemba Central (Watson)
Watson,Lakemba North
Watson,Wiley Park East
#Castle Hill
Berowra,Annangrove
Berowra,Baulkham Hills BEROWRA PPVC
Berowra,Castle Hill North (Berowra)
Berowra,Dural
Berowra,Glenhaven (Berowra)
Berowra,Kenthurst
Berowra,Nelson BEROWRA PPVC
Berowra,Rogans Hill
Berowra,Rogans Hill North
Mitchell,Baulkham Hills
Mitchell,Baulkham Hills Central
Mitchell,Baulkham Hills North
Mitchell,Baulkham Hills North West
Mitchell,Baulkham Hills South
Mitchell,Baulkham Hills South West
Mitchell,Carlingford Heights (Mitchell)
Mitchell,Castle Hill
Mitchell,Castle Hill Central
Mitchell,Castle Hill East
Mitchell,Castle Hill North (Mitchell)
Mitchell,Castle Hill South West
Mitchell,Cherrybrook MITCHELL PPVC
Mitchell,Crestwood
Mitchell,Glenhaven (Mitchell)
Mitchell,Pennant Hills MITCHELL PPVC
Mitchell,West Pennant Hills
Mitchell,West Pennant Hills Central (Mitchell)
Mitchell,West Pennant Hills North
#Cessnock
Hunter,Aberdare
Hunter,Abermain
Hunter,Barnsley
Hunter,Bellbird
Hunter,Cameron Park
Hunter,Cessnock East
Hunter,Cessnock HUNTER PPVC
Hunter,Cessnock North
Hunter,Cessnock West
Hunter,East Maitland HUNTER PPVC
Hunter,Edgeworth
Hunter,Edgeworth Heights
Hunter,Edgeworth HUNTER PPVC
Hunter,Ellalong
Hunter,Greta
Hunter,Kearsley
Hunter,Kitchener
Hunter,Kurri Kurri (Hunter)
Hunter,Kurri Kurri HUNTER PPVC
Hunter,Kurri Kurri North
Hunter,Millfield
Hunter,Mulbring
Hunter,Newcastle HUNTER PPVC
Hunter,North Rothbury
Hunter,Nulkaba
Hunter,Pelaw Main
Hunter,Pokolbin
Hunter,Rutherford HUNTER PPVC
Hunter,Wallsend HUNTER PPVC
Hunter,West Wallsend
Hunter,Weston
Hunter,Wollombi
Paterson,Cessnock PATERSON PPVC
Paterson,Kurri Kurri (Paterson)
Paterson,Kurri Kurri PATERSON PPVC
#Charlestown
Newcastle,Adamstown Heights (Newcastle)
Newcastle,Adamstown South
Newcastle,Charlestown NEWCASTLE PPVC
Newcastle,Kotara South (Newcastle)
Newcastle,New Lambton
Newcastle,New Lambton Central
Newcastle,New Lambton South
Shortland,Adamstown Heights (Shortland)
Shortland,Cardiff
Shortland,Cardiff South
Shortland,Charlestown
Shortland,Charlestown East
Shortland,Charlestown SHORTLAND PPVC
Shortland,Charlestown South
Shortland,Dudley
Shortland,Eleebana
Shortland,Garden Suburb
Shortland,Gateshead
Shortland,Hillsborough
Shortland,Kahibah
Shortland,Kotara South (Shortland)
Shortland,Mayfield SHORTLAND PPVC
Shortland,Mount Hutton
Shortland,Newcastle SHORTLAND PPVC
Shortland,Warners Bay
Shortland,Warners Bay Central
Shortland,Whitebridge
Shortland,Windale
#Clarence
Page,Bentley
Page,Broadwater
Page,Casino
Page,Casino North
Page,Casino PPVC
Page,Casino South
Page,Casino West
Page,Chatsworth Island
Page,Clovass
Page,Copmanhurst
Page,Coraki
Page,Coutts Crossing
Page,Cowper
Page,Dundurrabin
Page,Evans Head
Page,Fairy Hill
Page,Glenreagh
Page,Grafton
Page,Grafton Central
Page,Grafton East
Page,Grafton North
Page,Grafton PPVC
Page,Gulmarrad
Page,Harwood Island
Page,Iluka
Page,Lawrence
Page,Maclean
Page,Maclean PPVC
Page,Palmers Island
Page,Rappville
Page,South Grafton
Page,South Grafton Central
Page,Tucabia
Page,Ulmarra
Page,Woodburn
Page,Wooli
Page,Woombah
Page,Yamba
Page,Yamba West
#Coffs Harbour
Cowper,Bayldon
Cowper,Boambee
Cowper,Bonville
Cowper,Coffs Harbour
Cowper,Coffs Harbour Central
Cowper,Coffs Harbour COWPER PPVC
Cowper,Coffs Harbour East
Cowper,Coffs Harbour North
Cowper,Coffs Harbour South
Cowper,Coffs Harbour West
Cowper,Sawtell
Cowper,Toormina
Cowper,Toormina South
Cowper,Toormina PPVC
Cowper,Upper Orara
Page,Coffs Harbour PAGE PPVC
Page,Coramba
Page,Corindi
Page,Karangi
Page,Korora
Page,Lowanna
Page,Mullaway
Page,Nana Glen
Page,Red Rock
Page,Sandy Beach
Page,Woolgoolga
Page,Woolgoolga Central
#Coogee
Kingsford Smith,Bondi Junction KINGSFORD SMITH PPVC
Kingsford Smith,Coogee
Kingsford Smith,Coogee Beach (Kingsford Smith)
Kingsford Smith,Coogee Central
Kingsford Smith,Coogee East
Kingsford Smith,Kensington
Kingsford Smith,Randwick Central
Kingsford Smith,Randwick East (Kingsford Smith)
Kingsford Smith,Randwick (Kingsford Smith)
Kingsford Smith,Randwick KINGSFORD SMITH PPVC
Kingsford Smith,Randwick South
Kingsford Smith,Randwick West (Kingsford Smith)
Kingsford Smith,The Spot
Kingsford Smith,Waverley KINGSFORD SMITH PPVC
Wentworth,Bondi Junction
Wentworth,Bondi Junction North
Wentworth,Bondi Junction WENTWORTH PPVC
Wentworth,Bronte
Wentworth,Clovelly
Wentworth,Clovelly Beach
Wentworth,Clovelly North
Wentworth,Coogee Beach (Wentworth)
Wentworth,Randwick North
Wentworth,Randwick (Wentworth)
Wentworth,Randwick East (Wentworth)
Wentworth,Randwick WENTWORTH PPVC
Wentworth,Randwick West (Wentworth)
Wentworth,Waverley
Wentworth,Waverley North
Wentworth,Waverley Park
Wentworth,Waverley WENTWORTH PPVC
#Cootamundra
Farrer,Narrandera PPVC
Farrer,Narrandera
Farrer,Narrandera East
Farrer,Barellan
Parkes,Barmedman
Parkes,Ungarie
Parkes,Weethalle
Parkes,West Wyalong
Parkes,Wyalong
Parkes,Wyalong PPVC
Riverina,Ardlethan
Riverina,Ariah Park
Riverina,Billimari
Riverina,Boorowa
Riverina,Caragabal
Riverina,Coolac
Riverina,Coolamon
Riverina,Cootamundra
Riverina,Cootamundra PPVC
Riverina,Cootamundra West
Riverina,Cowra
Riverina,Cowra North
Riverina,Cowra PPVC
Riverina,Cowra West
Riverina,Ganmain
Riverina,Gooloogong
Riverina,Greenethorpe
Riverina,Grenfell
Riverina,Gundagai
Riverina,Gundagai South
Riverina,Harden
Riverina,Illabo
Riverina,Jugiong
Riverina,Junee
Riverina,Junee PPVC
Riverina,Koorawatha
Riverina,Marrar
Riverina,Morongla Creek
Riverina,Murrumburrah
Riverina,Nangus
Riverina,Quandialla
Riverina,Rye Park
Riverina,Stockinbingal
Riverina,Temora
Riverina,Temora PPVC
Riverina,Temora West
Riverina,Tumblong
Riverina,Wallendbeen
Riverina,Wombat
Riverina,Woodstock
Riverina,Young
Riverina,Young North
Riverina,Young PPVC
Riverina,Young South
#Cronulla
Cook,Burraneer
Cook,Burraneer Bay
Cook,Caringbah Central
Cook,Caringbah North
Cook,Caringbah COOK PPVC
Cook,Caringbah South
Cook,Caringbah West
Cook,Cronulla
Cook,Cronulla Central
Cook,Cronulla COOK PPVC
Cook,Cronulla South
Cook,Greenhills Beach
Cook,Grays Point
Cook,Gymea
Cook,Gymea Bay
Cook,Gymea Bay North
Cook,Haymarket COOK PPVC
Cook,Kirrawee South
Cook,Kurnell
Cook,Lilli Pilli
Cook,Ultimo COOK PPVC
Cook,Woolooware
Cook,Woolooware North
Cook,Wynyard COOK PPVC
Cook,Yowie Bay
#Davidson
Bradfield,Gordon
Bradfield,Gordon East
Bradfield,Gordon PPVC
Bradfield,Killara
Bradfield,Killara East
Bradfield,Lindfield
Bradfield,Lindfield Central
Bradfield,Lindfield East
Bradfield,Lindfield North
Bradfield,Lindfield West
Bradfield,Roseville
Bradfield,Roseville East
Bradfield,St Ives
Bradfield,St Ives Chase
Bradfield,St Ives East
Bradfield,St Ives North
Bradfield,St Ives PPVC
Bradfield,St Ives South
Bradfield,Turramurra BRADFIELD PPVC
Bradfield,Turramurra North
Bradfield,Turramurra Valley
Mackellar,Belrose
Mackellar,Belrose North
Mackellar,Davidson
Mackellar,Frenchs Forest
Mackellar,Frenchs Forest North
#Drummoyne
Reid,Abbotsford
Reid,Abbotsford East
Reid,Breakfast Point
Reid,Chiswick
Reid,Concord
Reid,Concord City
Reid,Concord East
Reid,Concord North
Reid,Concord REID PPVC
Reid,Concord West
Reid,Drummoyne
Reid,Drummoyne East
Reid,Drummoyne North
Reid,Five Dock
Reid,Five Dock Central
Reid,Five Dock East
Reid,Homebush North
Reid,Leichhardt REID PPVC
Reid,Mortlake
Reid,Rhodes
Reid,Rhodes Central
Reid,Rhodes PPVC
Reid,Russell Lea
Reid,Strathfield North
Reid,Haymarket REID PPVC
Reid,Ultimo REID PPVC
Reid,West Ryde REID PPVC
Reid,Wynyard REID PPVC
#Dubbo
Calare,Dubbo CALARE PPVC
Calare,Geurie
Calare,Gulgong
Calare,Hargraves
Calare,Mudgee
Calare,Mudgee Central
Calare,Mudgee PPVC
Calare,Mudgee South
Calare,Mumbil
Calare,Stuart Town
Calare,Wellington
Calare,Wellington East
Parkes,Ballimore
Parkes,Dubbo
Parkes,Dubbo Blue Ridge
Parkes,Dubbo East
Parkes,Dubbo Grove
Parkes,Dubbo North
Parkes,Dubbo Orana
Parkes,Dubbo PARKES PPVC
Parkes,Dubbo South
Parkes,Dubbo West
Parkes,Dubbo Wambuul PPVC
Parkes,Eumungerie
Parkes,Narromine
Parkes,Tomingley
Parkes,Trangie
Parkes,Wongarbon
#East Hills
Banks,Bankstown BANKS PPVC
Banks,East Hills
Banks,Milperra
Banks,Panania
Banks,Panania Central
Banks,Panania North
Banks,Panania South
Banks,Padstow
Banks,Padstow BANKS PPVC
Banks,Padstow East
Banks,Padstow South
Banks,Picnic Point North
Banks,Picnic Point South
Banks,Revesby
Banks,Revesby North
Banks,Revesby South
Watson,Bass Hill (Watson)
Watson,Condell Park
Watson,Condell Park North
Watson,Condell Park West
Watson,Georges Hall
Watson,Padstow WATSON PPVC
#Epping
Berowra,Beecroft
Berowra,Beecroft North
Berowra,Cheltenham
Berowra,Epping (Berowra)
Berowra,Epping BEROWRA PPVC
Berowra,Epping East
Berowra,Epping Heights
Berowra,Epping North
Berowra,Epping West (Berowra)
Berowra,Macquarie Park BEROWRA PPVC
Berowra,Marsfield North (Berowra)
Mitchell,Muirfield
Mitchell,North Rocks (Mitchell)
Parramatta,Carlingford
Parramatta,Carlingford East
Parramatta,Carlingford Heights (Parramatta)
Parramatta,Carlingford North
Parramatta,Carlingford South
Parramatta,Dundas Valley
Parramatta,Dundas Valley South
Parramatta,Eastwood PARRAMATTA PPVC
Parramatta,Epping (Parramatta)
Parramatta,Epping PARRAMATTA PPVC
Parramatta,Epping West (Parramatta)
Parramatta,North Rocks (Parramatta)
Parramatta,Oatlands
Parramatta,Oatlands North
Parramatta,Telopea
#Fairfield
Blaxland,Chester Hill North
Blaxland,Fairfield BLAXLAND PPVC
Blaxland,Villawood East
Blaxland,Yennora (Blaxland)
Fowler,Canley Heights
Fowler,Fairfield Central (Fowler)
Fowler,Fairfield FOWLER PPVC
Fowler,Fairfield West (Fowler)
Fowler,Villawood
Fowler,Villawood North
Fowler,Wakeley
Fowler,Yennora (Fowler)
McMahon,Cabramatta MCMAHON PPVC
McMahon,Canley Vale (McMahon)
McMahon,Canley Vale MCMAHON PPVC
McMahon,Fairfield Central (McMahon)
McMahon,Fairfield Heights
McMahon,Fairfield MCMAHON PPVC
McMahon,Fairfield South
McMahon,Fairfield West Central
McMahon,Fairfield West (McMahon)
Watson,Bass Hill Central
Watson,Bass Hill West (Watson)
#Gosford
Robertson,Booker Bay
Robertson,Ettalong
Robertson,Ettalong Central
Robertson,Gosford
Robertson,Gosford East
Robertson,Gosford North
Robertson,Gosford ROBERTSON PPVC
Robertson,Gosford West
Robertson,Kariong
Robertson,Kariong East
Robertson,Kulnura
Robertson,Mangrove Mountain
Robertson,Mooney Mooney
Robertson,Mount White
Robertson,Narara South
Robertson,Peats Ridge
Robertson,Point Clare
Robertson,Somersby
Robertson,Spencer
Robertson,Umina
Robertson,Umina Beach
Robertson,Umina Central
Robertson,Umina PPVC
Robertson,Umina West
Robertson,Woy Woy
Robertson,Woy Woy PPVC
Robertson,Woy Woy South
Robertson,Woy Woy West
Robertson,Wyoming (Robertson)
Robertson,Wyong ROBERTSON PPVC
#Goulburn
Eden-Monaro,Bradfordville
Eden-Monaro,Bungonia
Eden-Monaro,Goulburn
Eden-Monaro,Goulburn Heights
Eden-Monaro,Goulburn North
Eden-Monaro,Goulburn EDEN-MONARO PPVC
Eden-Monaro,Goulburn South
Eden-Monaro,Goulburn West
Eden-Monaro,Marulan
Eden-Monaro,Tallong
Eden-Monaro,Tarago
Riverina,Bigga
Riverina,Binalong
Riverina,Binda
Riverina,Bowning
Riverina,Collector
Riverina,Crookwell
Riverina,Dalton
Riverina,Goulburn RIVERINA PPVC
Riverina,Grabben Gullen
Riverina,Gundaroo
Riverina,Gunning
Riverina,Laggan
Riverina,Murringo
Riverina,Murrumbateman
Riverina,Sutton (Riverina)
Riverina,Taralga
Riverina,Yass
Riverina,Yass Central
Riverina,Yass North
Riverina,Yass PPVC
Whitlam,Avoca
Whitlam,Berrima
Whitlam,Bundanoon
Whitlam,Burrawang
Whitlam,Exeter
Whitlam,Robertson
Whitlam,Moss Vale
Whitlam,Moss Vale Central
Whitlam,Sutton Forest
Whitlam,Wingello
#Granville
Blaxland,Granville
Blaxland,Granville East
Blaxland,Granville North
Blaxland,Granville South
Blaxland,Greystanes BLAXLAND PPVC
Blaxland,Guildford
Blaxland,Guildford East
Blaxland,Guildford North
Blaxland,Guildford South
Blaxland,Guildford West
Blaxland,Haymarket BLAXLAND PPVC
Blaxland,Holroyd
Blaxland,Merrylands
Blaxland,Merrylands Central
Blaxland,Merrylands East
Blaxland,Merrylands South
Blaxland,Merrylands West
Blaxland,Parramatta BLAXLAND PPVC
Blaxland,Parramatta West (Blaxland)
Blaxland,Rosehill (Blaxland)
Blaxland,South Wentworthville Central
Blaxland,Ultimo BLAXLAND PPVC
Blaxland,Wetherill Park BLAXLAND PPVC
Blaxland,Wynyard BLAXLAND PPVC
Parramatta,Westmead South
Parramatta,Westmead
Parramatta,Westmead Central
#Hawkesbury
Berowra,Glenorie West
Berowra,Maroota
Berowra,Maroota South
Berowra,Wisemans Ferry
Greenway,Box Hill
Greenway,Maraylya (Greenway)
Greenway,Nelson GREENWAY PPVC
Macquarie,Bilpin
Macquarie,Bligh Park
Macquarie,Bligh Park East
Macquarie,Cattai
Macquarie,Colo Heights
Macquarie,Ebenezer
Macquarie,Freemans Reach
Macquarie,Glossodia
Macquarie,Grose Wold
Macquarie,Hobartville
Macquarie,Kurrajong
Macquarie,Kurrajong East
Macquarie,Kurrajong North
Macquarie,Kurmond
Macquarie,Maraylya (Macquarie)
Macquarie,McGraths Hill
Macquarie,North Richmond
Macquarie,Oakville
Macquarie,Pitt Town
Macquarie,Richmond
Macquarie,Richmond MACQUARIE PPVC
Macquarie,St Albans
Macquarie,Vineyard East (Macquarie)
Macquarie,Wilberforce
Macquarie,Windsor
Macquarie,Windsor PPVC
Macquarie,Windsor South
Macquarie,Yarramundi
#Heathcote
Cook,Sutherland (Cook)
Cook,Sutherland North
Cunningham,Austinmer
Cunningham,Bulli
Cunningham,Bulli Central
Cunningham,Coledale
Cunningham,Engadine CUNNINGHAM PPVC
Cunningham,Helensburgh
Cunningham,Helensburgh North
Cunningham,Stanwell Park
Cunningham,Thirroul
Cunningham,Thirroul PPVC
Cunningham,Thirroul East
Cunningham,Wombarra
Hughes,Bundeena
Hughes,Engadine
Hughes,Engadine East
Hughes,Engadine HUGHES PPVC
Hughes,Engadine North
Hughes,Engadine South
Hughes,Engadine West
Hughes,Heathcote
Hughes,Heathcote East
Hughes,Loftus
Hughes,Sutherland (Hughes)
Hughes,Sutherland East
Hughes,Woronora Heights
Hughes,Woronora River
Hughes,Yarrawarrah
#Heffron
Grayndler,St Peters
Grayndler,Sydenham
Grayndler,Tempe
Kingsford Smith,Eastlakes
Kingsford Smith,Eastlakes East
Kingsford Smith,Eastlakes KINGSFORD SMITH PPVC
Kingsford Smith,Kensington Central
Kingsford Smith,Kensington Park
Kingsford Smith,Kensington West
Kingsford Smith,Mascot
Kingsford Smith,Mascot East
Kingsford Smith,Mascot North
Kingsford Smith,Rosebery West (Kingsford Smith)
Sydney,Alexandria
Sydney,Alexandria South
Sydney,Beaconsfield
Sydney,Eastlakes SYDNEY PPVC
Sydney,Randwick SYDNEY PPVC
Sydney,Rosebery
Sydney,Rosebery West (Sydney)
Sydney,Waterloo
Sydney,Waterloo South
Sydney,Zetland South
#Holsworthy
Hughes,Alfords Point
Hughes,Bangor
Hughes,Bangor South
Hughes,Barden Ridge
Hughes,Hammondville
Hughes,Haymarket HUGHES PPVC
Hughes,Holsworthy
Hughes,Holsworthy West
Hughes,Liverpool HUGHES PPVC
Hughes,Menai
Hughes,Moorebank
Hughes,Moorebank East
Hughes,Padstow HUGHES PPVC
Hughes,Ultimo HUGHES PPVC
Hughes,Wattle Grove
Hughes,Wattle Grove HUGHES PPVC
Hughes,Wattle Grove South
Hughes,Wynyard HUGHES PPVC
Fowler,Chipping Norton
Fowler,Liverpool South
Fowler,Newbridge Heights
Fowler,Wattle Grove FOWLER PPVC
Werriwa,Casula
Werriwa,Lurnea
Werriwa,Lurnea South
Werriwa,Prestons East
#Hornsby
Berowra,Arcadia
Berowra,Asquith
Berowra,Berowra
Berowra,Berowra Heights
Berowra,Berowra PPVC
Berowra,Brooklyn
Berowra,Cherrybrook
Berowra,Cherrybrook BEROWRA PPVC
Berowra,Cherrybrook Central
Berowra,Cherrybrook North
Berowra,Cherrybrook South
Berowra,Cowan
Berowra,Galston
Berowra,Glenorie
Berowra,Haymarket BEROWRA PPVC
Berowra,Hornsby
Berowra,Hornsby BEROWRA PPVC
Berowra,Hornsby East
Berowra,Hornsby North
Berowra,Hornsby South
Berowra,Hornsby West
Berowra,Hornsby Heights
Berowra,Middle Dural
Berowra,Mount Colah
Berowra,Mount Kuring-Gai
Berowra,Ultimo BEROWRA PPVC
Berowra,West Pennant Hills Central (Berowra)
Berowra,Wynyard BEROWRA PPVC
#Keira
Cunningham,Balgownie
Cunningham,Balgownie Central
Cunningham,Bellambi
Cunningham,Cordeaux Heights
Cunningham,Corrimal
Cunningham,Corrimal PPVC
Cunningham,Fairy Meadow
Cunningham,Figtree
Cunningham,Figtree Heights
Cunningham,Figtree West
Cunningham,Keiraville
Cunningham,Mount Keira
Cunningham,Mount Kembla
Cunningham,Mount Ousley
Cunningham,Russell Vale
Cunningham,Tarrawanna
Cunningham,Unanderra
Cunningham,Unanderra South
Cunningham,Unanderra West
Cunningham,Wollongong West
Cunningham,Woonona
Cunningham,Woonona Central
Cunningham,Woonona East
#Kellyville
Greenway,Rouse Hill
Greenway,Rouse Hill South (Greenway)
Greenway,Rouse Hill West
Mitchell,Baulkham Hills City
Mitchell,Baulkham Hills MITCHELL PPVC
Mitchell,Baulkham Hills West
Mitchell,Beaumont Hills
Mitchell,Beaumont Hills Central
Mitchell,Bella Vista
Mitchell,Bella Vista North
Mitchell,Castle Hill West
Mitchell,Crestwood Central
Mitchell,Haymarket MITCHELL PPVC
Mitchell,Kellyville
Mitchell,Kellyville East
Mitchell,Kellyville North
Mitchell,Kellyville South
Mitchell,Kellyville West
Mitchell,Nelson MITCHELL PPVC
Mitchell,North Kellyville Central
Mitchell,Quakers Hill MITCHELL PPVC
Mitchell,Rouse Hill South (Mitchell)
Mitchell,The Ponds MITCHELL PPVC
Mitchell,Ultimo MITCHELL PPVC
Mitchell,Wynyard MITCHELL PPVC
#Kiama
Gilmore,Berry
Gilmore,Bomaderry
Gilmore,Cambewarra
Gilmore,Gerringong
Gilmore,Gerroa
Gilmore,Falls Creek
Gilmore,Jamberoo
Gilmore,Kangaroo Valley
Gilmore,Kiama
Gilmore,Kiama Downs
Gilmore,Kiama PPVC
Gilmore,Kiama South
Gilmore,Minnamurra
Gilmore,Nowra Bomaderry
Gilmore,Nowra Hill
Gilmore,Nowra North
Gilmore,Shoalhaven Heads
Gilmore,Werri Beach
Whitlam,Albion Park
Whitlam,Albion Park Heights
Whitlam,Albion Park PPVC
Whitlam,Albion Park Rail
Whitlam,Albion Park South
Whitlam,Tullimbar
#Kogarah
Banks,Allawah (Banks)
Banks,Allawah South (Banks)
Banks,Blakehurst North (Banks)
Banks,Blakehurst South
Banks,Carss Park
Banks,Hurstville (Banks)
Banks,Ramsgate BANKS PPVC
Barton,Allawah (Barton)
Barton,Allawah South (Barton)
Barton,Beverly Hills
Barton,Beverly Hills South (Barton)
Barton,Bexley
Barton,Bexley Central
Barton,Bexley North Park
Barton,Bexley South
Barton,Bexley West
Barton,Blakehurst North (Barton)
Barton,Carlton
Barton,Carlton South
Barton,Carlton West
Barton,Haymarket BARTON PPVC
Barton,Hurstville (Barton)
Barton,Hurstville BARTON PPVC
Barton,Hurstville East
Barton,Kingsgrove
Barton,Kingsgrove South
Barton,Kogarah Bay
Barton,Kogarah Central
Barton,Kogarah West
Barton,Mortdale BARTON PPVC
Barton,Ultimo BARTON PPVC
Barton,Wynyard BARTON PPVC
#Lake Macquarie
Hunter,Arcadia Vale
Hunter,Biraban
Hunter,Blackalls
Hunter,Bonnells Bay
Hunter,Booragul
Hunter,Charlestown HUNTER PPVC
Hunter,Coal Point
Hunter,Cooranbong
Hunter,Dora Creek
Hunter,Fassifern
Hunter,Fennell Bay
Hunter,Kilaben Bay
Hunter,Morisset
Hunter,Morisset PPVC
Hunter,Morisset Peninsula
Hunter,Rathmines
Hunter,Teralba
Hunter,Toronto
Hunter,Toronto HUNTER PPVC
Hunter,Wangi Wangi
Hunter,Woodrising
Hunter,Wyee
Hunter,Wyee Point
Shortland,Argenton
Shortland,Edgeworth SHORTLAND PPVC
Shortland,Speers Point
Shortland,Warners Bay North
#Lane Cove
Bennelong,Chatswood South
Bennelong,Crows Nest BENNELONG PPVC
Bennelong,East Ryde
Bennelong,East Ryde Central
Bennelong,East Ryde Heights
Bennelong,Gladesville
Bennelong,Gladesville North
Bennelong,Greenwich North
Bennelong,Greenwich
Bennelong,Haymarket BENNELONG PPVC
Bennelong,Hunters Hill
Bennelong,Hunters Hill North
Bennelong,Hunters Hill West
Bennelong,Lane Cove
Bennelong,Lane Cove East
Bennelong,Lane Cove South
Bennelong,Lane Cove West
Bennelong,Lane Cove West Central
Bennelong,Longueville
Bennelong,North Ryde
Bennelong,North Ryde Heights
Bennelong,Putney
Bennelong,Putney West
Bennelong,Ryde South
Bennelong,St Leonards (Bennelong)
Bennelong,Ultimo BENNELONG PPVC
Bennelong,Wynyard BENNELONG PPVC
#Leppington
Hume,Emerald Hills (Hume)
Hume,Leppington (Hume)
Hume,Rossmore (Hume)
Macarthur,Carnes Hill MACARTHUR PPVC
Macarthur,Denham Court West (Macarthur)
Macarthur,Eagle Vale
Macarthur,Emerald Hills (Macarthur)
Macarthur,Eschol Park
Macarthur,Leppington (Macarthur)
Macarthur,Raby
Macarthur,Varroville
Werriwa,Austral
Werriwa,Carnes Hill
Werriwa,Carnes Hill WERRIWA PPVC
Werriwa,Denham Court West (Werriwa)
Werriwa,Haymarket WERRIWA PPVC
Werriwa,Horningsea Park
Werriwa,Hoxton Park
Werriwa,Kemps Creek (Werriwa)
Werriwa,Leppington (Werriwa)
Werriwa,Middleton Grange
Werriwa,Oran Park WERRIWA PPVC
Werriwa,Prestons Central
Werriwa,Prestons North
Werriwa,Prestons West
Werriwa,Rossmore (Werriwa)
Werriwa,Ultimo WERRIWA PPVC
Werriwa,West Hoxton
Werriwa,West Hoxton PPVC
Werriwa,West Hoxton South
Werriwa,Wynyard WERRIWA PPVC
#Lismore
Richmond,Chillingham
Richmond,Crystal Creek
Richmond,Dungay
Richmond,Eureka
Richmond,Murwillumbah
Richmond,Murwillumbah East
Richmond,Murwillumbah PPVC
Richmond,Murwillumbah West
Richmond,Stokers Siding
Richmond,Tyalgum
Richmond,Uki
Richmond,Wilsons Creek
Page,Bexhill
Page,Bonalbo
Page,Caniaba
Page,Cawongla
Page,Clunes
Page,Dunoon
Page,Eltham
Page,Goolmangar
Page,Goonellabah
Page,Goonellabah PPVC
Page,Goonellabah South
Page,Jiggi
Page,Kyogle
Page,Kyogle South
Page,Lismore
Page,Lismore City
Page,Lismore East
Page,Lismore Heights
Page,Lismore PAGE PPVC
Page,Lismore South
Page,Mallanganee
Page,Modanville
Page,Nimbin
Page,Rosebank
Page,The Channon
Page,Wiangaree
Page,Woodenbong
Page,Wyrallah
New England,Drake
New England,Legume
New England,Liston
New England,Tenterfield
New England,Tenterfield PPVC
New England,Urbenville
#Liverpool
Fowler,Liverpool Central
Fowler,Liverpool (Fowler)
Fowler,Liverpool FOWLER PPVC
Fowler,Liverpool West (Fowler)
Fowler,Warwick Farm
Werriwa,Ashcroft
Werriwa,Bonnyrigg Central (Werriwa)
Werriwa,Bonnyrigg Heights
Werriwa,Bonnyrigg (Werriwa)
Werriwa,Cabramatta WERRIWA PPVC
Werriwa,Cartwright
Werriwa,Cecil Hills
Werriwa,Cecil Hills North
Werriwa,Fairfield WERRIWA PPVC
Werriwa,Green Valley
Werriwa,Green Valley East
Werriwa,Green Valley North
Werriwa,Green Valley West
Werriwa,Heckenberg
Werriwa,Hinchinbrook
Werriwa,Hinchinbrook East
Werriwa,Hinchinbrook North
Werriwa,Liverpool (Werriwa)
Werriwa,Liverpool WERRIWA PPVC
Werriwa,Liverpool West (Werriwa)
Werriwa,Miller
Werriwa,Mount Pritchard (Werriwa)
Werriwa,Sadleir
Werriwa,Wattle Grove WERRIWA PPVC
Werriwa,Wetherill Park WERRIWA PPVC
#Londonderry
Chifley,Marsden Park
Chifley,Marsden Park Central
Chifley,Marsden Park East
Chifley,Ropes Crossing
Lindsay,Berkshire Park
Lindsay,Castlereagh
Lindsay,Claremont Meadows
Lindsay,Colyton
Lindsay,Colyton West
Lindsay,Jordan Springs
Lindsay,Llandilo
Lindsay,Londonderry
Lindsay,Mount Druitt LINDSAY PPVC
Lindsay,Orchard Hills
Lindsay,Oxley Park
Lindsay,Richmond LINDSAY PPVC
Lindsay,St Marys
Lindsay,St Marys LINDSAY PPVC
Lindsay,St Marys North
Lindsay,St Marys South
Lindsay,Werrington
Lindsay,Werrington County
#Macquarie Fields
Hughes,Bardia (Hughes)
Hughes,Glenfield East
Hughes,Glenfield (Hughes)
Hughes,Ingleburn East
Hughes,Ingleburn (Hughes)
Hughes,Ingleburn HUGHES PPVC
Hughes,Ingleburn South
Hughes,Macquarie Fields
Hughes,Macquarie Fields Central
Hughes,Macquarie Fields East
Hughes,Macquarie Fields North
Macarthur,Bardia (Macarthur)
Macarthur,Denham Court
Macarthur,Ingleburn MACARTHUR PPVC
Macarthur,Ingleburn (Macarthur)
Macarthur,Minto
Macarthur,Minto North
Macarthur,Minto South
Macarthur,St Andrews
Macarthur,St Andrews South
Werriwa,Bardia (Werriwa)
Werriwa,Casula South
Werriwa,Edmondson Park
Werriwa,Glenfield (Werriwa)
Werriwa,Glenfield West
Werriwa,Ingleburn WERRIWA PPVC
#Maitland
Paterson,Aberglasslyn
Paterson,Ashtonfield
Paterson,Chisholm
Paterson,East Maitland
Paterson,East Maitland Central
Paterson,East Maitland PATERSON PPVC
Paterson,East Maitland South
Paterson,Gillieston Heights
Paterson,Lochinvar
Paterson,Maitland
Paterson,Mayfield PATERSON PPVC
Paterson,Metford
Paterson,Millers Forest
Paterson,Morpeth
Paterson,Rutherford
Paterson,Rutherford North
Paterson,Rutherford West
Paterson,Rutherford PATERSON PPVC
Paterson,Somerset
Paterson,Telarah
Paterson,Tenambit
Paterson,Thornton
Paterson,Thornton PPVC
Paterson,Woodberry
#Manly
Mackellar,Dee Why Central
Mackellar,Dee Why East
Mackellar,Manly MACKELLAR PPVC
Mackellar,North Curl Curl (Mackellar)
Warringah,Balgowlah
Warringah,Balgowlah East
Warringah,Balgowlah Heights
Warringah,Brookvale East
Warringah,Curl Curl
Warringah,Fairlight
Warringah,Freshwater
Warringah,Freshwater Central
Warringah,Freshwater North
Warringah,Manly
Warringah,Manly Central
Warringah,Manly WARRINGAH PPVC
Warringah,Manly Vale
Warringah,Manly West
Warringah,North Balgowlah
Warringah,North Curl Curl (Warringah)
Warringah,Queenscliff
Warringah,Seaforth
#Maroubra
Kingsford Smith,Banksmeadow
Kingsford Smith,Botany
Kingsford Smith,Botany South
Kingsford Smith,Chifley
Kingsford Smith,Coogee South
Kingsford Smith,Daceyville
Kingsford Smith,Haymarket KINGSFORD SMITH PPVC
Kingsford Smith,Hillsdale
Kingsford Smith,Kingsford South
Kingsford Smith,La Perouse
Kingsford Smith,Malabar
Kingsford Smith,Maroubra
Kingsford Smith,Maroubra Bay
Kingsford Smith,Maroubra Central
Kingsford Smith,Maroubra East
Kingsford Smith,Maroubra Junction
Kingsford Smith,Maroubra PPVC
Kingsford Smith,Maroubra South
Kingsford Smith,Matraville
Kingsford Smith,Matraville South
Kingsford Smith,Pagewood
Kingsford Smith,Ultimo KINGSFORD SMITH PPVC
Kingsford Smith,Wynyard KINGSFORD SMITH PPVC
#Miranda
Cook,Engadine COOK PPVC
Cook,Gymea North
Cook,Jannali East
Cook,Kareela
Cook,Kirrawee
Cook,Miranda
Cook,Miranda Central
Cook,Miranda COOK PPVC
Cook,Miranda North
Cook,Miranda South
Cook,Oyster Bay
Cook,Oyster Bay North
Cook,Sylvania
Cook,Sylvania Heights
Cook,Sylvania Heights South
Cook,Sylvania South
Cook,Taren Point
Hughes,Bangor North
Hughes,Bonnet Bay
Hughes,Caringbah HUGHES PPVC
Hughes,Cronulla HUGHES PPVC
Hughes,Como West
Hughes,Illawong
Hughes,Illawong North
Hughes,Miranda HUGHES PPVC
Hughes,Jannali West
Hughes,Menai Central
Hughes,Menai North
#Monaro
Eden-Monaro,Adaminaby
Eden-Monaro,Araluen
Eden-Monaro,Belconnen EDEN-MONARO PPVC
Eden-Monaro,Berridale
Eden-Monaro,Bombala
Eden-Monaro,Braidwood
Eden-Monaro,Braidwood Central
Eden-Monaro,Bredbo
Eden-Monaro,Bungendore
Eden-Monaro,Bungendore North
Eden-Monaro,Captains Flat
Eden-Monaro,City EDEN-MONARO PPVC
Eden-Monaro,City North EDEN-MONARO PPVC
Eden-Monaro,Cooma
Eden-Monaro,Cooma North
Eden-Monaro,Cooma PPVC
Eden-Monaro,Dalgety
Eden-Monaro,Delegate
Eden-Monaro,Googong
Eden-Monaro,Gungahlin EDEN-MONARO PPVC
Eden-Monaro,Jerrabomberra
Eden-Monaro,Jerrabomberra PPVC
Eden-Monaro,Jindabyne
Eden-Monaro,Jindabyne PPVC
Eden-Monaro,Majors Creek
Eden-Monaro,Michelago
Eden-Monaro,Nimmitabel
Eden-Monaro,Queanbeyan
Eden-Monaro,Queanbeyan Central
Eden-Monaro,Queanbeyan City Central
Eden-Monaro,Queanbeyan East
Eden-Monaro,Queanbeyan EDEN-MONARO PPVC
Eden-Monaro,Queanbeyan Heights
Eden-Monaro,Queanbeyan Heights Central
Eden-Monaro,Queanbeyan North
Eden-Monaro,Queanbeyan South
Eden-Monaro,Queanbeyan West
Eden-Monaro,Sutton (Eden-Monaro)
Eden-Monaro,Tuggeranong EDEN-MONARO PPVC
Eden-Monaro,Wamboin
Eden-Monaro,Woden EDEN-MONARO PPVC
#Mount Druitt
Chifley,Bidwill
Chifley,Blackett
Chifley,Dharruk
Chifley,Hassall Grove
Chifley,Hebersham
Chifley,Lethbridge Park
Chifley,Minchinbury (Chifley)
Chifley,Mount Druitt
Chifley,Mount Druitt CHIFLEY PPVC
Chifley,Mount Druitt North
Chifley,Mount Druitt South
Chifley,Oakhurst
Chifley,Penrith CHIFLEY PPVC
Chifley,Plumpton
Chifley,Plumpton Central
Chifley,Plumpton PPVC
Chifley,Rooty Hill North
Chifley,Rooty Hill South
Chifley,Rooty Hill West
Chifley,Shalvey
Chifley,St Marys CHIFLEY PPVC
Chifley,Tregear
Chifley,Willmot
Chifley,Whalan
McMahon,Minchinbury (McMahon)
McMahon,Mount Druitt MCMAHON PPVC
#Murray
Farrer,Balranald
Farrer,Barham
Farrer,Barooga
Farrer,Beelbangera
Farrer,Berrigan
Farrer,Blighty
Farrer,Buronga
Farrer,Cobram FARRER PPVC
Farrer,Coleambally
Farrer,Dareton
Farrer,Darlington Point
Farrer,Deniliquin
Farrer,Deniliquin North
Farrer,Deniliquin PPVC
Farrer,Deniliquin West
Farrer,Echuca FARRER PPVC
Farrer,Euston
Farrer,Finley
Farrer,Goolgowi
Farrer,Griffith
Farrer,Griffith East
Farrer,Griffith North
Farrer,Griffith PPVC
Farrer,Griffith West
Farrer,Hanwood
Farrer,Hay
Farrer,Hillston
Farrer,Jerilderie
Farrer,Koraleigh
Farrer,Lake Wyangan
Farrer,Leeton
Farrer,Leeton North
Farrer,Leeton Parkview
Farrer,Leeton PPVC
Farrer,Leeton South
Farrer,Mathoura
Farrer,Mildura FARRER PPVC
Farrer,Moama
Farrer,Moulamein
Farrer,Murray Downs
Farrer,Pooncarie
Farrer,Rankins Springs
Farrer,Tocumwal
Farrer,Tooleybuc
Farrer,Wakool
Farrer,Wamoon
Farrer,Wentworth
Farrer,Whitton
Farrer,Yanco
Farrer,Yenda
Farrer,Yoogali
#Myall Lakes
Lyne,Bulahdelah
Lyne,Bungwahl
Lyne,Burrell Creek
Lyne,Chatham
Lyne,Coolongolook
Lyne,Coomba Park
Lyne,Cundletown
Lyne,Diamond Beach
Lyne,Forster East
Lyne,Forster Keys
Lyne,Forster South
Lyne,Forster-Tuncurry PPVC
Lyne,Hallidays Point
Lyne,Killabakh
Lyne,Krambach
Lyne,Lansdowne
Lyne,Marlee
Lyne,Mitchells Island
Lyne,Mount George
Lyne,Nabiac
Lyne,Old Bar
Lyne,Pacific Palms
Lyne,Purfleet
Lyne,Taree
Lyne,Taree North
Lyne,Taree PPVC
Lyne,Taree West
Lyne,Tinonee
Lyne,Tuncurry
Lyne,Upper Lansdowne
Lyne,Wingham
Lyne,Wingham West
Lyne,Wherrol Flat
#Newcastle
Newcastle,Adamstown North
Newcastle,Beaumont Park
Newcastle,Belmont NEWCASTLE PPVC
Newcastle,Carrington
Newcastle,Cooks Hill
Newcastle,Cooks Hill South
Newcastle,Hamilton
Newcastle,Hamilton North
Newcastle,Hamilton South
Newcastle,Islington
Newcastle,Mayfield
Newcastle,Mayfield East
Newcastle,Mayfield NEWCASTLE PPVC
Newcastle,Mayfield South
Newcastle,Mayfield West
Newcastle,Merewether
Newcastle,Merewether Heights
Newcastle,Merewether South
Newcastle,Newcastle City
Newcastle,Newcastle NEWCASTLE PPVC
Newcastle,Stockton
Newcastle,The Junction
Newcastle,Tighes Hill
Newcastle,Warabrook
Newcastle,Wickham
Paterson,Fern Bay
Paterson,Newcastle PATERSON PPVC
#Newtown
Grayndler,Camperdown South (Grayndler)
Grayndler,Enmore
Grayndler,Lewisham
Grayndler,Newtown East (Grayndler)
Grayndler,Newtown GRAYNDLER PPVC
Grayndler,Newtown North (Grayndler)
Grayndler,Newtown South
Grayndler,Petersham
Grayndler,Petersham East
Grayndler,Stanmore
Grayndler,Stanmore North
Sydney,Camperdown
Sydney,Camperdown South (Sydney)
Sydney,Darlington
Sydney,Darlington Central
Sydney,Erskineville
Sydney,Erskineville North
Sydney,Marrickville SYDNEY PPVC
Sydney,Newtown East (Sydney)
Sydney,Newtown North (Sydney)
Sydney,Newtown SYDNEY PPVC
Sydney,Redfern
Sydney,Redfern East
Sydney,Redfern West
#Northern Tablelands
New England,Armidale West
New England,Armidale PPVC
New England,Armidale
New England,Armidale South
New England,Ashford
New England,Ben Lomond
New England,Ben Venue
New England,Bingara
New England,Black Mountain
New England,Bonshaw
New England,Bundarra
New England,Dangarsleigh
New England,Deepwater
New England,Delungra
New England,Ebor
New England,Emmaville
New England,Gilgai
New England,Glen Innes
New England,Glen Innes PPVC
New England,Glen Innes West
New England,Gravesend
New England,Guyra
New England,Inverell
New England,Inverell East
New England,Inverell PPVC
New England,Kingstown
New England,Madgwick
New England,Newling
New England,North Star
New England,Nowendoc
New England,Kentucky
New England,Kingstown
New England,Rocky River
New England,Ross Hill
New England,Tingha
New England,Uralla
New England,Walcha
New England,Warialda
New England,Woolbrook
New England,Yarrowitch
New England,Yetman
Parkes,Ashley
Parkes,Boggabilla
Parkes,Boomi
Parkes,Moree
Parkes,Moree East
Parkes,Moree PPVC
Parkes,Moree West
Parkes,Mungindi
Parkes,Pallamallawa
#North Shore
Warringah,Balmoral
Warringah,Beauty Point
Warringah,Cremorne South
Warringah,Crows Nest
Warringah,Crows Nest WARRINGAH PPVC
Warringah,Haymarket WARRINGAH PPVC
Warringah,Kirribilli
Warringah,McMahons Point
Warringah,Mosman
Warringah,Mosman Bay
Warringah,Mosman Central
Warringah,Mosman North
Warringah,Mosman PPVC
Warringah,Neutral Bay
Warringah,Neutral Bay East
Warringah,Neutral Bay West
Warringah,North Sydney
Warringah,Spit Junction
Warringah,Ultimo WARRINGAH PPVC
Warringah,Waverton
Warringah,Wollstonecraft
Warringah,Wynyard (Warringah)
Warringah,Wynyard WARRINGAH PPVC
#Oatley
Banks,Beverly Hills South (Banks)
Banks,Connells Point
Banks,Haymarket BANKS PPVC
Banks,Hurstville BANKS PPVC
Banks,Hurstville Grove
Banks,Hurstville South
Banks,Lugarno
Banks,Lugarno North
Banks,Mortdale BANKS PPVC
Banks,Mortdale Central
Banks,Mortdale East
Banks,Mortdale West
Banks,Narwee
Banks,Oatley
Banks,Oatley East
Banks,Oatley West
Banks,Penshurst
Banks,Penshurst Central
Banks,Peakhurst East
Banks,Peakhurst South
Banks,Peakhurst West
Banks,Riverwood East
Banks,Riverwood North
Banks,Riverwood South
Banks,Rockdale BANKS PPVC
Banks,Ultimo (Banks)
Banks,Ultimo BANKS PPVC
Banks,Wynyard (Banks)
Banks,Wynyard BANKS PPVC
#Orange
Calare,Borenore
Calare,Canobolas
Calare,Canowindra
Calare,Cargo
Calare,Cudal
Calare,Cumnock
Calare,Eugowra
Calare,Lucknow
Calare,Manildra
Calare,Molong
Calare,Mullion Creek
Calare,Nashdale
Calare,Orange
Calare,Orange Bletchington
Calare,Orange Bowen
Calare,Orange Canobolas PPVC
Calare,Orange Central
Calare,Orange East
Calare,Orange Glenroi
Calare,Orange North
Calare,Orange PPVC
Calare,Orange South
Calare,Orange Waratah
Calare,Orange West
Calare,Spring Hill
Calare,Spring Terrace
Calare,Yeoval
Parkes,Alectown
Parkes,Bedgerabong
Parkes,Bogan Gate
Parkes,Forbes
Parkes,Forbes North
Parkes,Forbes PPVC
Parkes,Forbes South
Parkes,Parkes
Parkes,Parkes East
Parkes,Parkes North
Parkes,Parkes PPVC
Parkes,Parkes South
Parkes,Parkes West
Parkes,Peak Hill
Parkes,Trundle
Parkes,Tullamore
#Oxley
Cowper,Aldavilla
Cowper,Bellbrook
Cowper,Bellingen
Cowper,Bellingen North
Cowper,Bowraville
Cowper,Crescent Head
Cowper,Dorrigo
Cowper,Eungai Creek
Cowper,Frederickton
Cowper,Gladstone
Cowper,Gleniffer
Cowper,Hat Head
Cowper,Kempsey
Cowper,Kempsey East
Cowper,Kempsey Heights
Cowper,Kempsey PPVC
Cowper,Kempsey South
Cowper,Kundabung
Cowper,Macksville
Cowper,Missabotti
Cowper,Mylestom
Cowper,Nambucca Heads
Cowper,Nambucca Heads PPVC
Cowper,Nambucca Heads West
Cowper,Raleigh
Cowper,Repton
Cowper,Scotts Head
Cowper,South West Rocks
Cowper,South West Rocks PPVC
Cowper,South West Rocks South
Cowper,Stuarts Point
Cowper,Taylors Arm
Cowper,Telegraph Point
Cowper,Thora
Cowper,Urunga
Cowper,Utungun
Cowper,Valla Beach
Cowper,Warrell Creek
Cowper,Willawarrin
Lyne,Beechwood
Lyne,Comboyne
Lyne,Huntingdon
Lyne,King Creek
Lyne,Long Flat
Lyne,Port Macquarie LYNE PPVC
Lyne,Port Macquarie West LYNE PPVC
Lyne,Rollands Plains
Lyne,Wauchope
Lyne,Wauchope LYNE PPVC
Lyne,Wauchope South
#Parramatta
Parramatta,Dundas
Parramatta,Ermington West
Parramatta,Ermington Central
Parramatta,Haymarket PARRAMATTA PPVC
Parramatta,Lake Parramatta
Parramatta,Melrose Park (Parramatta)
Parramatta,Parramatta
Parramatta,Parramatta East
Parramatta,Parramatta North
Parramatta,Parramatta South
Parramatta,Parramatta PARRAMATTA PPVC
Parramatta,Parramatta West (Parramatta)
Parramatta,Rosehill (Parramatta)
Parramatta,Rydalmere
Parramatta,Ultimo PARRAMATTA PPVC
Parramatta,West Ryde PARRAMATTA PPVC
Parramatta,Wynyard PARRAMATTA PPVC
Reid,Newington
Reid,Silverwater (Reid)
Reid,Wentworth Point
Reid,Wentworth Point North
#Penrith
Lindsay,Cambridge Gardens
Lindsay,Cambridge Park
Lindsay,Cambridge Park North
Lindsay,Cambridge Park South
Lindsay,Cranebrook
Lindsay,Cranebrook Central
Lindsay,Cranebrook North
Lindsay,Cranebrook South
Lindsay,Emu Plains LINDSAY PPVC
Lindsay,Jamisontown
Lindsay,Kingswood
Lindsay,Kingswood North
Lindsay,Kingswood South
Lindsay,Penrith
Lindsay,Penrith Central
Lindsay,Penrith East
Lindsay,Penrith LINDSAY PPVC
Lindsay,Penrith North
Lindsay,Penrith South
Lindsay,Penrith South Central
Macquarie,Leonay
Macquarie,Emu Heights
Macquarie,Emu Plains
Macquarie,Emu Plains Central
Macquarie,Emu Plains MACQUARIE PPVC
Macquarie,Emu Plains North
Macquarie,Penrith MACQUARIE PPVC
#Pittwater
Mackellar,Avalon
Mackellar,Avalon Beach
Mackellar,Avalon South
Mackellar,Bayview
Mackellar,Bilgola Plateau
Mackellar,Collaroy Plateau North
Mackellar,Elanora Heights
Mackellar,Frenchs Forest MACKELLAR PPVC
Mackellar,Mona Vale
Mackellar,Mona Vale North
Mackellar,Mona Vale South
Mackellar,Narrabeen
Mackellar,Narrabeen East
Mackellar,Narrabeen MACKELLAR PPVC
Mackellar,Narrabeen North
Mackellar,Newport
Mackellar,Newport Beach
Mackellar,Palm Beach
Mackellar,Pittwater PPVC
Mackellar,Terrey Hills
Mackellar,Warriewood
#Port Macquarie
Cowper,Emerald Downs
Cowper,Hibbard
Cowper,Innes Lake
Cowper,Innes Lake North
Cowper,Port Macquarie COWPER PPVC
Cowper,Port Macquarie East
Cowper,Port Macquarie Greenmeadows
Cowper,Port Macquarie South
Cowper,Port Macquarie Town Beach
Cowper,Port Macquarie West
Cowper,Port Macquarie West COWPER PPVC
Cowper,Riverside
Cowper,Settlement Shores
Cowper,Tacking Point
Cowper,Thrumster
Cowper,Wauchope COWPER PPVC
Lyne,Bonny Hills
Lyne,Camden Haven PPVC
Lyne,Coopernook
Lyne,Dunbogan
Lyne,Hannam Vale
Lyne,Harrington
Lyne,Johns River
Lyne,Kendall
Lyne,Kew
Lyne,Lake Cathie
Lyne,Laurieton
Lyne,Lorne
Lyne,Moorland
Lyne,North Haven
Lyne,West Haven
Sydney,Lord Howe Island
#Port Stephens
Lyne,Hawks Nest
Lyne,Hinton
Lyne,Karuah
Lyne,North Arm Cove
Lyne,Raymond Terrace LYNE PPVC
Lyne,Seaham
Lyne,Tea Gardens
Lyne,Woodville
Paterson,Anna Bay
Paterson,Bobs Farm
Paterson,Corlette
Paterson,Lemon Tree Passage
Paterson,Medowie
Paterson,Nelson Bay
Paterson,Nelson Bay Central
Paterson,Nelson Bay PPVC
Paterson,Raymond Terrace PATERSON PPVC
Paterson,Raymond Terrace North
Paterson,Raymond Terrace East
Paterson,Raymond Terrace Central
Paterson,Raymond Terrace
Paterson,Salamander
Paterson,Salamander Bay
Paterson,Salt Ash
Paterson,Shoal Bay
Paterson,Soldiers Point
Paterson,Tanilba Bay
Paterson,Williamtown
Paterson,Wirreanda Medowie
#Prospect
Fowler,Smithfield West (Fowler)
Fowler,Wetherill Park
McMahon,Greystanes
McMahon,Greystanes Central
McMahon,Greystanes East
McMahon,Greystanes MCMAHON PPVC
McMahon,Greystanes North (McMahon)
McMahon,Greystanes North East (McMahon)
McMahon,Greystanes South
McMahon,Greystanes West
McMahon,Parramatta MCMAHON PPVC
McMahon,Pemulwuy
McMahon,Prospect West
McMahon,Seven Hills Central
McMahon,Seven Hills Heights
McMahon,Seven Hills South
McMahon,Smithfield
McMahon,Smithfield West (McMahon)
McMahon,Wetherill Park MCMAHON PPVC
McMahon,Toongabbie (McMahon)
Parramatta,Girraween
Parramatta,Greystanes North (Parramatta)
Parramatta,Greystanes North East (Parramatta)
Parramatta,Greystanes PARRAMATTA PPVC
Parramatta,Pendle Hill
Parramatta,Pendle Hill Central
Parramatta,Toongabbie (Parramatta)
Parramatta,Wentworthville
Parramatta,Wetherill Park PARRAMATTA PPVC
#Riverstone
Chifley,Quakers Hill CHIFLEY PPVC
Chifley,Quakers Hill East (Chifley)
Chifley,Schofields (Chifley)
Chifley,The Ponds CHIFLEY PPVC
Greenway,Acacia Gardens
Greenway,Haymarket GREENWAY PPVC
Greenway,Kellyville Ridge
Greenway,Quakers Hill East (Greenway)
Greenway,Quakers Hill GREENWAY PPVC
Greenway,Quakers Hill North
Greenway,Quakers Hill West
Greenway,Stanhope Gardens
Greenway,Stanhope Gardens North
Greenway,The Ponds
Greenway,The Ponds Central
Greenway,The Ponds GREENWAY PPVC
Greenway,The Ponds North
Greenway,The Ponds West
Greenway,Schofields (Greenway)
Greenway,Schofields South
Greenway,Riverstone
Greenway,Riverstone East
Greenway,Ultimo GREENWAY PPVC
Greenway,Vineyard East (Greenway)
Greenway,Wynyard GREENWAY PPVC
#Rockdale
Barton,Arncliffe
Barton,Arncliffe Central
Barton,Arncliffe North
Barton,Arncliffe West
Barton,Bardwell Park
Barton,Bexley East
Barton,Bexley North
Barton,Brighton-Le-Sands (Barton)
Barton,Kogarah East
Barton,Kyeemagh (Barton)
Barton,Monterey (Barton)
Barton,Ramsgate (Barton)
Barton,Ramsgate Beach (Barton)
Barton,Ramsgate BARTON PPVC
Barton,Rockdale
Barton,Rockdale BARTON PPVC
Barton,Rockdale Central
Barton,Rockdale City
Barton,Rockdale West
Barton,Turrella
Cook,Hurstville COOK PPVC
Cook,Ramsgate Beach (Cook)
Cook,Ramsgate (Cook)
Cook,Ramsgate COOK PPVC
Cook,Rockdale COOK PPVC
Cook,Sandringham
Cook,Sans Souci
Kingsford Smith,Brighton North
Kingsford Smith,Brighton-Le-Sands (Kingsford Smith)
Kingsford Smith,Kyeemagh (Kingsford Smith)
Kingsford Smith,Monterey (Kingsford Smith)
Kingsford Smith,Ramsgate Beach (Kingsford Smith)
Kingsford Smith,Rockdale KINGSFORD SMITH PPVC
#Ryde
Bennelong,Denistone
Bennelong,Denistone East
Bennelong,Denistone South
Bennelong,Denistone West
Bennelong,Eastwood
Bennelong,Eastwood BENNELONG PPVC
Bennelong,Eastwood Heights
Bennelong,Eastwood West (Bennelong)
Bennelong,Epping BENNELONG PPVC
Bennelong,Macquarie Park
Bennelong,Macquarie Park BENNELONG PPVC
Bennelong,Macquarie Park South
Bennelong,Marsfield
Bennelong,Marsfield North (Bennelong)
Bennelong,Marsfield South
Bennelong,Meadowbank
Bennelong,Melrose Park (Bennelong)
Bennelong,North Ryde Central
Bennelong,Ryde Central
Bennelong,Ryde Heights
Bennelong,Top Ryde
Bennelong,West Ryde
Bennelong,West Ryde BENNELONG PPVC
Bennelong,West Ryde Central
Parramatta,Eastwood West (Parramatta)
#Shellharbour
Whitlam,Barrack Heights
Whitlam,Blackbutt
Whitlam,Dapto
Whitlam,Dapto East
Whitlam,Dapto South
Whitlam,Dapto WHITLAM PPVC
Whitlam,Flinders Central
Whitlam,Horsley
Whitlam,Horsley South
Whitlam,Koonawarra
Whitlam,Lake Illawarra
Whitlam,Mount Warrigal
Whitlam,Oak Flats
Whitlam,Oak Flats East
Whitlam,Shell Cove
Whitlam,Shellharbour
Whitlam,Shellharbour PPVC
Whitlam,Warilla East
Whitlam,Warilla North
Whitlam,Warilla South
Whitlam,Warrawong WHITLAM PPVC
Whitlam,Wollongong WHITLAM PPVC
#South Coast
Gilmore,Basin View
Gilmore,Bawley Point
Gilmore,Burrill Lake
Gilmore,Cudmirrah
Gilmore,Greenwell Point
Gilmore,Culburra
Gilmore,Currarong
Gilmore,Callala Bay
Gilmore,Callala Beach
Gilmore,Erowal Bay
Gilmore,Huskisson
Gilmore,Lake Conjola
Gilmore,Manyana
Gilmore,Milton
Gilmore,Narrawallee
Gilmore,Nowra
Gilmore,Nowra Centre
Gilmore,Nowra East
Gilmore,Nowra PPVC
Gilmore,Nowra South
Gilmore,Nowra South PPVC
Gilmore,Sanctuary Point
Gilmore,St Georges Basin
Gilmore,St Georges Basin PPVC
Gilmore,Sussex Inlet
Gilmore,Terara
Gilmore,Tomerong
Gilmore,Ulladulla
Gilmore,Ulladulla PPVC
Gilmore,Vincentia
#Strathfield
Grayndler,Belmore GRAYNDLER PPVC
Grayndler,Croydon (Grayndler)
Grayndler,Croydon Park
Grayndler,Croydon South (Grayndler)
Grayndler,Enfield (Grayndler)
Grayndler,Enfield West (Grayndler)
Grayndler,Enfield South
Reid,Ashfield REID PPVC
Reid,Belmore REID PPVC
Reid,Burwood
Reid,Burwood East
Reid,Burwood Park
Reid,Croydon North
Reid,Croydon (Reid)
Reid,Croydon South (Reid)
Reid,Enfield (Reid)
Reid,Flemington
Reid,Homebush
Reid,Strathfield
Reid,Strathfield Central
Reid,Strathfield South (Reid)
Reid,Strathfield West
Watson,Ashfield WATSON PPVC
Watson,Belfield
Watson,Campsie North
Watson,Campsie West
Watson,Concord WATSON PPVC
Watson,Enfield West (Watson)
Watson,Strathfield South (Watson)
#Summer Hill
Grayndler,Ashbury
Grayndler,Ashfield East
Grayndler,Ashfield
Grayndler,Ashfield GRAYNDLER PPVC
Grayndler,Ashfield South
Grayndler,Ashfield North
Grayndler,Dobroyd Point
Grayndler,Dulwich Hill
Grayndler,Dulwich Hill South
Grayndler,Dulwich Hill West
Grayndler,Haberfield
Grayndler,Haberfield West
Grayndler,Hurlstone Park
Grayndler,Marrickville
Grayndler,Marrickville Central
Grayndler,Marrickville East
Grayndler,Marrickville GRAYNDLER PPVC
Grayndler,Marrickville North
Grayndler,Marrickville Park
Grayndler,Marrickville South
Grayndler,Marrickville West
Grayndler,Summer Hill
Grayndler,Summer Hill South
#Swansea
Shortland,Belmont
Shortland,Belmont Central
Shortland,Belmont North
Shortland,Belmont SHORTLAND PPVC
Shortland,Belmont West
Shortland,Blacksmiths
Shortland,Blue Haven SHORTLAND PPVC
Shortland,Budgewoi
Shortland,Budgewoi Central
Shortland,Buff Point
Shortland,Caves Beach
Shortland,Chain Valley Bay
Shortland,Floraville
Shortland,Gwandalan
Shortland,Jewells
Shortland,Kanwal SHORTLAND PPVC
Shortland,Lake Munmorah
Shortland,Lake Munmorah PPVC
Shortland,Mannering Park
Shortland,Marks Point
Shortland,Nords Wharf
Shortland,Redhead
Shortland,San Remo
Shortland,Summerland Point
Shortland,Swansea
Shortland,Swansea PPVC
Shortland,Swansea Central
Shortland,Toronto SHORTLAND PPVC
Shortland,Valentine
Shortland,Valentine West
Shortland,Wyong SHORTLAND PPVC
#Sydney
Sydney,Bondi Junction SYDNEY PPVC
Sydney,Haymarket SYDNEY PPVC
Sydney,Kings Cross SYDNEY PPVC
Sydney,Millers Point
Sydney,Paddington SYDNEY PPVC
Sydney,Pyrmont
Sydney,St James
Sydney,Surry Hills
Sydney,Surry Hills East (Sydney)
Sydney,Surry Hills North
Sydney,Surry Hills South
Sydney,Surry Hills West
Sydney,Wynyard (Sydney)
Sydney,Wynyard SYDNEY PPVC
Wentworth,Darlinghurst East
Wentworth,Elizabeth Bay
Wentworth,Haymarket WENTWORTH PPVC
Wentworth,Hyde Park
Wentworth,Kings Cross
Wentworth,Kings Cross Central
Wentworth,Kings Cross WENTWORTH PPVC
Wentworth,Paddington Central
Wentworth,Paddington North
Wentworth,Paddington South
Wentworth,Paddington WENTWORTH PPVC
Wentworth,Surry Hills East (Wentworth)
Wentworth,Ultimo (Wentworth)
Wentworth,Ultimo WENTWORTH PPVC
Wentworth,Woolloomooloo
Wentworth,Wynyard WENTWORTH PPVC
#Tamworth
New England,Attunga
New England,Barraba
New England,Bendemeer
New England,Blackville
New England,Calala
New England,Caroona
New England,Currabubula
New England,Duri
New England,Dungowan
New England,Duri
New England,Hillvue
New England,Hillvue West
New England,Kootingal
New England,Loomberah
New England,Manilla
New England,Moonbi
New England,Moore Creek
New England,Nemingha
New England,Nundle
New England,Oxley Vale
New England,Peel West
New England,Quirindi
New England,Quirindi PPVC
New England,Somerton
New England,Spring Ridge
New England,Tamworth
New England,Tamworth PPVC
New England,Tamworth East
New England,Tamworth North
New England,Tamworth South
New England,Tamworth South PPVC
New England,Tamworth West
New England,Timbumburi
New England,Wallabadah
New England,Werris Creek
New England,Westdale
New England,Willow Tree
New England,Woolomin
Parkes,Carroll
Parkes,Curlewis
Parkes,Gunnedah
Parkes,Gunnedah South
Parkes,Gunnedah PPVC
Parkes,Mullaley
Parkes,Tambar Springs
#Terrigal
Robertson,Avoca Beach
Robertson,Copacabana
Robertson,Davistown
Robertson,Empire Bay
Robertson,Green Point
Robertson,Hardys Bay
Robertson,Kincumber
Robertson,Kincumber Central
Robertson,Saratoga
Robertson,Springfield
Robertson,Erina
Robertson,Erina Central
Robertson,Erina Heights (Robertson)
Robertson,Erina ROBERTSON PPVC
Robertson,Terrigal
Robertson,Terrigal Lagoon
Robertson,Terrigal South
Robertson,Terrigal West
Robertson,Wamberal (Robertson)
Dobell,Erina DOBELL PPVC
Dobell,Erina Heights (Dobell)
Dobell,Holgate
Dobell,Wamberal (Dobell)
Dobell,Wamberal North
#The Entrance
Dobell,Bateau Bay East
Dobell,Bateau Bay Central
Dobell,Bateau Bay South
Dobell,Berkeley Vale
Dobell,Berkeley Vale North
Dobell,Forresters Beach
Dobell,Glenning Valley
Dobell,Gosford DOBELL PPVC
Dobell,Killarney Vale
Dobell,Killarney Vale South
Dobell,Lisarow
Dobell,Long Jetty
Dobell,Long Jetty East
Dobell,Narara
Dobell,Niagara Park (Dobell)
Dobell,Ourimbah
Dobell,Shelly Beach
Dobell,The Entrance
Dobell,The Entrance North
Dobell,The Entrance PPVC
Dobell,Tuggerah
Dobell,Tumbi Umbi
Dobell,Wyoming (Dobell)
Dobell,Wyoming East
Dobell,Wyoming North
Robertson,Niagara Park (Robertson)
#Tweed
Richmond,Banora Point
Richmond,Banora Point North
Richmond,Banora Point South
Richmond,Banora Point West
Richmond,Bilambil
Richmond,Bogangar
Richmond,Burringbar
Richmond,Casuarina
Richmond,Casuarina PPVC
Richmond,Chinderah
Richmond,Crabbes Creek
Richmond,Hastings Point
Richmond,Kingscliff
Richmond,Kingscliff South
Richmond,Pottsville
Richmond,Pottsville Beach
Richmond,Terranora
Richmond,Tumbulgum
Richmond,Tweed Heads
Richmond,Tweed Heads Central
Richmond,Tweed Heads RICHMOND PPVC
Richmond,Tweed Heads South
Richmond,Tweed Heads South PPVC
Richmond,Tweed Heads West
#Upper Hunter
Hunter,Branxton
Hunter,Broke
Hunter,Elderslie
Hunter,Glendon
Hunter,Jerrys Plains
Hunter,Lower Belford
Hunter,Milbrodale
Hunter,Singleton
Hunter,Singleton Heights
Hunter,Singleton PPVC
Hunter,Singleton South
Lyne,Barrington
Lyne,Bolwarra
Lyne,Booral
Lyne,Clarence Town
Lyne,Dungog
Lyne,East Maitland LYNE PPVC
Lyne,Gloucester
Lyne,Gloucester PPVC
Lyne,Gresford
Lyne,Largs
Lyne,Lorn
Lyne,Rutherford LYNE PPVC
Lyne,Paterson Central
Lyne,Stratford
Lyne,Stroud
Lyne,Stroud Road
Lyne,Vacy
Lyne,Wallarobba
New England,Aberdeen
New England,Cassilis
New England,Denman
New England,Gundy
New England,Merriwa
New England,Murrurundi
New England,Muswellbrook
New England,Muswellbrook East
New England,Muswellbrook PPVC
New England,Sandy Hollow
New England,Scone
New England,Scone East
New England,Scone South
New England,Wingen
#Vaucluse
Wentworth,Bellevue Hill
Wentworth,Bellevue Hill South
Wentworth,Bondi
Wentworth,Bondi Beach
Wentworth,Bondi Beach East
Wentworth,Bondi North
Wentworth,Bondi Surf
Wentworth,Darling Point
Wentworth,Double Bay
Wentworth,Double Bay East
Wentworth,Dover Heights
Wentworth,Edgecliff
Wentworth,Rose Bay
Wentworth,Rose Bay Central
Wentworth,Rose Bay PPVC
Wentworth,Vaucluse
Wentworth,Vaucluse East
Wentworth,Watsons Bay
Wentworth,Woollahra
Wentworth,Woollahra South
#Wagga Wagga
Riverina,Adelong
Riverina,Ashmont
Riverina,Batlow
Riverina,Charles Sturt
Riverina,Collingullie
Riverina,Euberta
Riverina,Estella
Riverina,Forest Hill
Riverina,Glenfield Park
Riverina,Kapooka PPVC
Riverina,Kooringal
Riverina,Kooringal North
Riverina,Ladysmith
Riverina,Lake Albert
Riverina,Lake Albert South
Riverina,Lockhart
Riverina,Mangoplah
Riverina,Mount Austin
Riverina,Pleasant Hills
Riverina,RAAF Wagga Wagga PPVC
Riverina,Talbingo
Riverina,Tarcutta
Riverina,Tatton
Riverina,The Rock
Riverina,Tolland
Riverina,Tumut
Riverina,Tumut East
Riverina,Tumut PPVC
Riverina,Turvey Park
Riverina,Uranquinty
Riverina,Wagga Wagga
Riverina,Wagga Wagga North
Riverina,Wagga Wagga North PPVC
Riverina,Wagga Wagga PPVC
Riverina,Wagga Wagga South
Riverina,Wagga Wagga South PPVC
Riverina,Yerong Creek
#Wahroonga
Berowra,Hornsby Central
Berowra,Normanhurst (Berowra)
Berowra,Normanhurst West
Berowra,Pennant Hills
Berowra,Pennant Hills BEROWRA PPVC
Berowra,Thornleigh
Berowra,Turramurra BEROWRA PPVC
Berowra,Waitara
Berowra,Waitara North
Berowra,Westleigh
Bradfield,Gordon West
Bradfield,Hornsby BRADFIELD PPVC
Bradfield,Macquarie Park BRADFIELD PPVC
Bradfield,Normanhurst (Bradfield)
Bradfield,Pennant Hills BRADFIELD PPVC
Bradfield,Pymble
Bradfield,Pymble North
Bradfield,Pymble West
Bradfield,South Turramurra
Bradfield,South Turramurra Heights
Bradfield,Turramurra Central
Bradfield,Wahroonga
Bradfield,Wahroonga East
Bradfield,Wahroonga North
Bradfield,Wahroonga South
Bradfield,Warrawee
#Wakehurst
Mackellar,Beacon Hill (Mackellar)
Mackellar,Brookvale MACKELLAR PPVC
Mackellar,Chatswood MACKELLAR PPVC
Mackellar,Collaroy
Mackellar,Collaroy Plateau
Mackellar,Cromer
Mackellar,Cromer East
Mackellar,Dee Why
Mackellar,Dee Why North
Mackellar,Forestville
Mackellar,Forestville East
Mackellar,Frenchs Forest East
Mackellar,Haymarket MACKELLAR PPVC
Mackellar,Killarney Heights
Mackellar,Narraweena
Mackellar,Narraweena East
Mackellar,Ultimo MACKELLAR PPVC
Mackellar,Wheeler Heights
Mackellar,Wynyard MACKELLAR PPVC
Warringah,Allambie
Warringah,Allambie Heights
Warringah,Beacon Hill (Warringah)
Warringah,Brookvale
Warringah,Brookvale WARRINGAH PPVC
Warringah,Frenchs Forest WARRINGAH PPVC
Warringah,Narrabeen WARRINGAH PPVC
#Wallsend
Newcastle,Birmingham Gardens North
Newcastle,Cardiff Heights (Newcastle)
Newcastle,East Maitland NEWCASTLE PPVC
Newcastle,Edgeworth NEWCASTLE PPVC
Newcastle,Elermore Vale
Newcastle,Fletcher
Newcastle,Georgetown
Newcastle,Glendore
Newcastle,Jesmond North
Newcastle,Lambton
Newcastle,Lambton East
Newcastle,Maryland
Newcastle,Minmi
Newcastle,Pittown
Newcastle,Plattsburg
Newcastle,Raymond Terrace NEWCASTLE PPVC
Newcastle,Shortland
Newcastle,Wallsend
Newcastle,Wallsend East
Newcastle,Wallsend NEWCASTLE PPVC
Newcastle,Wallsend South
Newcastle,Waratah
Newcastle,Waratah West
Paterson,Beresfield
Paterson,Tarro
Shortland,Cardiff Heights (Shortland)
Shortland,Cardiff North
Shortland,Glendale
Shortland,Wallsend SHORTLAND PPVC
#Willoughby
Bennelong,Chatswood (Bennelong)
Bennelong,Chatswood BENNELONG PPVC
Bennelong,Chatswood West (Bennelong)
Bennelong,Lane Cove North
Bennelong,Lane Cove North Central
Bennelong,Willoughby BENNELONG PPVC
Bradfield,Artarmon
Bradfield,Artarmon Central
Bradfield,Cammeray (Bradfield)
Bradfield,Castle Cove
Bradfield,Castlecrag
Bradfield,Chatswood (Bradfield)
Bradfield,Chatswood BRADFIELD PPVC
Bradfield,Chatswood East
Bradfield,Chatswood West (Bradfield)
Bradfield,Crows Nest BRADFIELD PPVC
Bradfield,Haymarket BRADFIELD PPVC
Bradfield,Naremburn
Bradfield,Northbridge
Bradfield,Northbridge East
Bradfield,Roseville South
Bradfield,St Leonards (Bradfield)
Bradfield,Ultimo BRADFIELD PPVC
Bradfield,Willoughby
Bradfield,Willoughby North
Bradfield,Willoughby South
Bradfield,Willoughby BRADFIELD PPVC
Bradfield,Wynyard BRADFIELD PPVC
Warringah,Cammeray Central
Warringah,Cammeray South
Warringah,Cammeray (Warringah)
Warringah,Chatswood WARRINGAH PPVC
Warringah,Cremorne
Warringah,Crows Nest East
Warringah,Willoughby WARRINGAH PPVC
#Winston Hills
Greenway,Baulkham Hills GREENWAY PPVC
Greenway,Glenwood
Greenway,Glenwood Central
Greenway,Glenwood South
Greenway,Glenwood West
Greenway,Kings Langley
Greenway,Kings Langley North
Greenway,Lalor Park
Greenway,Lalor Park North
Greenway,Parramatta GREENWAY PPVC
Greenway,Seven Hills
Greenway,Seven Hills East
Greenway,Seven Hills North
Greenway,Seven Hills West
Mitchell,Northmead East
Mitchell,Northmead (Mitchell)
Mitchell,Northmead North
Mitchell,Parramatta MITCHELL PPVC
Mitchell,Winston Hills
Mitchell,Winston Hills North
Mitchell,Winston Hills South
Parramatta,Baulkham Hills PARRAMATTA PPVC
Parramatta,Blacktown PARRAMATTA PPVC
Parramatta,Northmead (Parramatta)
Parramatta,Old Toongabbie
Parramatta,Old Toongabbie North
Parramatta,Pendle Hill North
Parramatta,Toongabbie East
Parramatta,Toongabbie West
Parramatta,Wentworthville Central
Parramatta,Wentworthville North
#Wollondilly
Hume,Bargo
Hume,Bargo Central
Hume,Buxton
Hume,Douglas Park
Hume,Mount Hunter
Hume,Oakdale
Hume,Orangeville
Hume,Picton
Hume,Silverdale
Hume,Tahmoor
Hume,Tahmoor North
Hume,Tahmoor PPVC
Hume,The Oaks
Hume,Thirlmere
Hume,Warragamba
Hume,Wilton
Whitlam,Bowral
Whitlam,Bowral East
Whitlam,Bowral South
Whitlam,Bowral PPVC
Whitlam,Colo Vale
Whitlam,Glenquarry
Whitlam,Hill Top
Whitlam,Mittagong
Whitlam,Renwick
Whitlam,Welby
Whitlam,Yerrinbool
#Wollongong
Cunningham,Berkeley
Cunningham,Berkeley South
Cunningham,Berkeley West
Cunningham,Coniston
Cunningham,Corrimal East
Cunningham,Cringila
Cunningham,Dapto CUNNINGHAM PPVC
Cunningham,Gwynneville
Cunningham,Lake Heights
Cunningham,Mangerton
Cunningham,Port Kembla
Cunningham,Port Kembla Central
Cunningham,Primbee
Cunningham,Towradgi
Cunningham,Warrawong
Cunningham,Warrawong Central
Cunningham,Warrawong CUNNINGHAM PPVC
Cunningham,Windang
Cunningham,Wollongong
Cunningham,Wollongong CUNNINGHAM PPVC
Cunningham,Wollongong East
Cunningham,Wollongong North
Cunningham,Wollongong South
Whitlam,Brownsville
Whitlam,Kanahooka
#Wyong
Dobell,Blue Haven
Dobell,Blue Haven DOBELL PPVC
Dobell,Charmhaven
Dobell,Chittaway Bay
Dobell,Chittaway Point
Dobell,Gorokan
Dobell,Hamlyn Terrace
Dobell,Jilliby
Dobell,Kanwal
Dobell,Kanwal DOBELL PPVC
Dobell,Kanwal North
Dobell,Lake Haven
Dobell,Mardi
Dobell,Norah Head
Dobell,Toukley
Dobell,Toukley East
Dobell,Tuggerawong
Dobell,Wadalba
Dobell,Warnervale East
Dobell,Watanobbi
Dobell,Woongarrah
Dobell,Wyong
Dobell,Wyong DOBELL PPVC
Dobell,Wyong East
Dobell,Wyong Creek
Dobell,Yarramalong