#Albert Park
Macnamara,Albert Park
Macnamara,Alfred Square
Macnamara,Bridport
Macnamara,Docklands (Macnamara)
Macnamara,Emerald Hill
Macnamara,Kerferd
Macnamara,Melbourne CBD North East (Macnamara)
Macnamara,Melbourne CBD North West (Macnamara)
Macnamara,Melbourne CBD South Central (Macnamara)
Macnamara,Melbourne MACNAMARA PPVC
Macnamara,Middle Park
Macnamara,Port Melbourne
Macnamara,Port Melbourne Beach
Macnamara,Port Melbourne West
Macnamara,Sandridge
Macnamara,Southbank (Macnamara)
Macnamara,Southbank North
Macnamara,South Melbourne
Macnamara,St Kilda MACNAMARA PPVC
Macnamara,St Kilda Park
#Ashwood
Chisholm,Ashburton
Chisholm,Ashburton CHISHOLM PPVC
Chisholm,Ashburton South
Chisholm,Ashwood
Chisholm,Bennettswood
Chisholm,Burwood East
Chisholm,Camberwell South (Chisholm)
Chisholm,Chadstone East
Chisholm,Glen Iris
Chisholm,Glen Iris Central
Chisholm,Glen Iris East
Chisholm,Kew CHISHOLM PPVC
Chisholm,Mount Waverley
Chisholm,Mount Waverley CHISHOLM PPVC
Chisholm,Mount Waverley Lower (Chisholm)
Chisholm,Mount Waverley North
Chisholm,Mount Waverley South
Chisholm,Mount Waverley Upper
Chisholm,Mount Waverley West
Chisholm,Oakleigh CHISHOLM PPVC
Chisholm,Pinewood (Chisholm)
Chisholm,Syndal South
#Bass
Holt,Clyde (Holt)
Holt,Clyde HOLT PPVC
Holt,Clyde North Central (Holt)
Holt,Devon Meadows
Holt,Hastings HOLT PPVC
Holt,Pearcedale
Holt,Tooradin
Holt,Warneet
La Trobe,Bayles
La Trobe,Koo Wee Rup
La Trobe,Lang Lang
Monash,Bass
Monash,Cape Paterson
Monash,Corinella
Monash,Cowes
Monash,Cowes PPVC
Monash,Dalyston
Monash,Grantville
Monash,Inverloch
Monash,Kernot
Monash,Kilcunda
Monash,Newhaven
Monash,Rhyll
Monash,San Remo
Monash,Wonthaggi
Monash,Wonthaggi North
Monash,Wonthaggi PPVC
#Bayswater
Aston,Bayswater
Aston,Bayswater South
Aston,Bayswater West
Aston,Boronia
Aston,Boronia ASTON PPVC
Aston,Boronia East
Aston,Boronia North
Aston,Boronia West
Aston,Ferntree Gully Central
Aston,Ferntree Gully Heights
Aston,Ferntree Gully South West
Aston,Ferntree Gully West
Aston,The Basin
Aston,Wantirna
Aston,Wantirna Central
Aston,Wantirna East
#Bellarine
Corangamite,Barwon Heads
Corangamite,Bellarine PPVC
Corangamite,Clifton Springs
Corangamite,Drysdale
Corangamite,Leopold
Corangamite,Leopold North
Corangamite,Ocean Grove
Corangamite,Ocean Grove PPVC
Corangamite,Ocean Grove South
Corangamite,Ocean Grove West
Corangamite,Point Lonsdale
Corangamite,Portarlington
Corangamite,Queenscliff
Corangamite,St Leonards
Corangamite,Wallington
#Benambra
Indi,Albury INDI PPVC
Indi,Baranduda
Indi,Barnawartha
Indi,Beechworth
Indi,Bethanga
Indi,Bonegilla
Indi,Chiltern
Indi,Corryong
Indi,Cudgewa
Indi,Eskdale
Indi,Leneva
Indi,Rutherglen
Indi,Stanley
Indi,Tallangatta
Indi,Tangambalanga
Indi,Wahgunyah
Indi,Walwa
Indi,West Wodonga PPVC
Indi,West Wodonga Victory
Indi,Wodonga
Indi,Wodonga Central
Indi,Wodonga PPVC
Indi,Wodonga South
Indi,Wooragee
Indi,Yackandandah
#Bendigo East
Bendigo,Axe Creek
Bendigo,Axedale
Bendigo,Bendigo East
Bendigo,Big Hill
Bendigo,Eaglehawk
Bendigo,Eaglehawk BENDIGO PPVC
Bendigo,Eaglehawk East
Bendigo,Elmore
Bendigo,Epsom
Bendigo,Flora Hill
Bendigo,Goornong
Bendigo,Huntly
Bendigo,Junortoun
Bendigo,Junortoun PPVC
Bendigo,Kennington
Bendigo,Mandurang
Bendigo,Quarry Hill
Bendigo,Raywood
Bendigo,Sailors Gully
Bendigo,Spring Gully
Bendigo,Strathfieldsaye
Bendigo,Strathdale
Bendigo,White Hills
Bendigo,White Hills South
Bendigo,Woodvale
Mallee,Dingee
Mallee,Serpentine
#Bendigo West
Bendigo,Bendigo
Bendigo,Bendigo BENDIGO PPVC
Bendigo,Bendigo Central
Bendigo,Bendigo North
Bendigo,California Gully
Bendigo,Campbells Creek
Bendigo,Castlemaine
Bendigo,Castlemaine PPVC
Bendigo,Castlemaine South
Bendigo,Castlemaine North
Bendigo,Chewton
Bendigo,Golden Square
Bendigo,Golden Square South
Bendigo,Guildford
Bendigo,Harcourt
Bendigo,Kangaroo Flat
Bendigo,Kangaroo Flat South
Bendigo,Lockwood
Bendigo,Long Gully
Bendigo,Maldon
Bendigo,Marong
Bendigo,Maiden Gully
Bendigo,Newstead
#Bentleigh
Isaacs,Cheltenham East
Isaacs,Cheltenham North
Isaacs,Hampton ISAACS PPVC
Isaacs,Moorabbin ISAACS PPVC
Goldstein,Bentleigh
Goldstein,Bentleigh Central (Goldstein)
Goldstein,Bentleigh South (Goldstein)
Goldstein,Bentleigh West
Goldstein,McKinnon
Goldstein,McKinnon East (Goldstein)
Goldstein,Moorabbin Central
Goldstein,Moorabbin GOLDSTEIN PPVC
Goldstein,Moorabbin South
Goldstein,Ormond West
Hotham,Bentleigh Central (Hotham)
Hotham,Bentleigh East
Hotham,Bentleigh South (Hotham)
Hotham,Coatesville
Hotham,Coatesville North
Hotham,McKinnon East (Hotham)
Hotham,Moorabbin North
Hotham,Valkstone
#Berwick
Bruce,Beaconsfield (Bruce)
Bruce,Berwick (Bruce)
Bruce,Berwick BRUCE PPVC
Bruce,Berwick Fields (Bruce)
Bruce,Berwick Lodge
Bruce,Harkaway
La Trobe,Beaconsfield (La Trobe)
La Trobe,Beaconsfield Upper
La Trobe,Berwick Chase
La Trobe,Berwick Fields (La Trobe)
La Trobe,Berwick (La Trobe)
La Trobe,Berwick LA TROBE PPVC
La Trobe,Berwick South
La Trobe,Clyde (La Trobe)
La Trobe,Clyde LA TROBE PPVC
La Trobe,Clyde North Central (La Trobe)
La Trobe,Clyde North East
La Trobe,Clyde North (La Trobe)
La Trobe,Cranbourne LA TROBE PPVC
La Trobe,Cranbourne North Upper (La Trobe)
#Box Hill
Chisholm,Blackburn CHISHOLM PPVC
Chisholm,Burwood Central
Chisholm,Burwood East Upper (Chisholm)
Chisholm,Wattle Park (Chisholm)
Menzies,Ashburton MENZIES PPVC
Menzies,Blackburn MENZIES PPVC
Menzies,Blackburn (Menzies)
Menzies,Blackburn North (Menzies)
Menzies,Blackburn South
Menzies,Blackburn Upper
Menzies,Blackburn West
Menzies,Box Hill
Menzies,Box Hill Central
Menzies,Box Hill North
Menzies,Box Hill South
Menzies,Burwood East Upper (Menzies)
Menzies,Kerrimuir
Menzies,Kew MENZIES PPVC
Menzies,Laburnum
Menzies,Mont Albert
Menzies,Mont Albert North
Menzies,Mount Waverley MENZIES PPVC
Menzies,Surrey Hills
Menzies,Wattle Park (Menzies)
#Brighton
Goldstein,Brighton
Goldstein,Brighton Beach
Goldstein,Brighton East
Goldstein,Brighton East Upper
Goldstein,Brighton GOLDSTEIN PPVC
Goldstein,Brighton North
Goldstein,Elsternwick Park
Goldstein,Hampton
Goldstein,Hampton North
Goldstein,Middle Brighton
Macnamara,Elwood
Macnamara,Elwood Central
Macnamara,Elwood North
Macnamara,St Kilda West
#Broadmeadows
Calwell,Broadmeadows
Calwell,Broadmeadows CALWELL PPVC
Calwell,Broadmeadows North
Calwell,Brunswick CALWELL PPVC
Calwell,Campbellfield (Calwell)
Calwell,Coolaroo
Calwell,Dallas
Calwell,Essendon CALWELL PPVC
Maribyrnong,Glenroy West
Maribyrnong,Oak Park (Maribyrnong)
Scullin,Campbellfield (Scullin)
Wills,Broadmeadows WILLS PPVC
Wills,Fawkner
Wills,Fawkner East
Wills,Fawkner North
Wills,Glenroy
Wills,Glenroy East
Wills,Glenroy North
Wills,Oak Park (Wills)
Wills,Oak Park West
#Brunswick
Wills,Abbotsford WILLS PPVC
Wills,Brunswick
Wills,Brunswick East
Wills,Brunswick West
Wills,Brunswick South
Wills,Brunswick South East
Wills,Brunswick South West
Wills,Brunswick North
Wills,Brunswick North East
Wills,Brunswick WILLS PPVC
Wills,Carlton Central (Wills)
Wills,Delbridge
Wills,Fitzroy North
Wills,Melbourne CBD North East (Wills)
Wills,Melbourne CBD North West (Wills)
Wills,Melbourne CBD South Central (Wills)
Wills,Merri
Wills,Moonee Ponds WILLS PPVC
Wills,Moreland South
Wills,Northcote WILLS PPVC
Wills,Princes Hill (Wills)
#Bulleen
Menzies,Bulleen
Menzies,Bulleen Lower
Menzies,Doncaster Central
Menzies,Doncaster North
Menzies,Doncaster South
Menzies,Doncaster West
Menzies,Templestowe
Menzies,Templestowe East
Menzies,Templestowe Heights
Menzies,Templestowe Lower
Menzies,Templestowe Lower PPVC
Menzies,Templestowe Park
Menzies,Templestowe Valley
Menzies,Templestowe West
#Bundoora
Cooper,Bundoora (Cooper)
Cooper,Bundoora South
Cooper,Greensborough COOPER PPVC
Cooper,Kingsbury
Cooper,Mill Park COOPER PPVC
Jagajaga,Bundoora Central
Jagajaga,Bundoora (Jagajaga)
Jagajaga,Greensborough
Jagajaga,Greensborough JAGAJAGA PPVC
Jagajaga,Greensborough North
Jagajaga,Mill Park JAGAJAGA PPVC
Jagajaga,Watsonia
Jagajaga,Watsonia Central
Jagajaga,Watsonia North
Jagajaga,Yallambie
Scullin,Bundoora West
Scullin,Greensborough SCULLIN PPVC
Scullin,Mill Park
Scullin,Preston SCULLIN PPVC
#Carrum
Holt,Lyndhurst
Dunkley,Bonbeach
Dunkley,Carrum
Dunkley,Carrum Downs
Dunkley,Carrum Downs Central
Dunkley,Carrum Downs DUNKLEY PPVC
Dunkley,Carrum Downs North
Dunkley,Carrum Downs South
Dunkley,Carrum Downs West
Dunkley,Mordialloc DUNKLEY PPVC
Dunkley,Patterson Central
Dunkley,Patterson Lakes
Dunkley,Seaford
Dunkley,Seaford East
Dunkley,Seaford North
Dunkley,Skye
#Caulfield
Macnamara,Brighton MACNAMARA PPVC
Macnamara,Caulfield
Macnamara,Caulfield East
Macnamara,Caulfield North
Macnamara,Caulfield South Central (Macnamara)
Macnamara,Caulfield Upper
Macnamara,Elsternwick (Macnamara)
Macnamara,Malvern MACNAMARA PPVC
Macnamara,Ripponlea
Goldstein,Carnegie West (Goldstein)
Goldstein,Caulfield South
Goldstein,Caulfield South Central (Goldstein)
Goldstein,Caulfield South East
Goldstein,Caulfield South West
Goldstein,Elsternwick (Goldstein)
Goldstein,Malvern GOLDSTEIN PPVC
Goldstein,Oakleigh GOLDSTEIN PPVC
#Clarinda
Hotham,Clarinda
Hotham,Clarinda North
Hotham,Clarinda South
Hotham,Clayton South
Hotham,Clayton South East
Hotham,Moorabbin HOTHAM PPVC
Isaacs,Cheltenham South
Isaacs,Dingley
Isaacs,Dingley South
Isaacs,Dingley Village
Isaacs,Kingston Heath
Isaacs,Mentone North
Isaacs,Mentone Park
Isaacs,Springvale Lower
Isaacs,Springvale South
Isaacs,Springvale South East
Isaacs,Spring Valley
#Cranbourne
Holt,Botanic Ridge
Holt,Carrum Downs HOLT PPVC
Holt,Casey Fields
Holt,Clyde North (Holt)
Holt,Cranbourne
Holt,Cranbourne Central
Holt,Cranbourne East
Holt,Cranbourne Heights
Holt,Cranbourne HOLT PPVC
Holt,Cranbourne North East
Holt,Cranbourne North Upper (Holt)
Holt,Cranbourne Park
Holt,Cranbourne South West
Holt,Cranbourne West
Holt,Frankston HOLT PPVC
#Croydon
Aston,Bayswater North
Aston,Glen Park
Casey,Croydon CASEY PPVC
Casey,Kilsyth (Casey)
Casey,Kilsyth East
Casey,Kilsyth South
Casey,Mooroolbark
Casey,Mooroolbark South
Casey,Ringwood CASEY PPVC
Deakin,Boronia DEAKIN PPVC
Deakin,Croydon
Deakin,Croydon Central
Deakin,Croydon DEAKIN PPVC
Deakin,Croydon East
Deakin,Croydon Hills
Deakin,Croydon North
Deakin,Croydon North Upper
Deakin,Croydon South
Deakin,Croydon Town
Deakin,Croydon West
Deakin,Kilsyth (Deakin)
#Dandenong
Isaacs,Keysborough Central
Isaacs,Keysborough East
Isaacs,Dandenong ISAACS PPVC
Isaacs,Dandenong South
Isaacs,Dandenong West
Isaacs,Keysborough Central
Isaacs,Noble Park
Isaacs,Noble Park ISAACS PPVC
Isaacs,Noble Park Lower
Isaacs,Noble Park West
Bruce,Dandenong
Bruce,Dandenong BRUCE PPVC
Bruce,Dandenong Central
Bruce,Dandenong North
Bruce,Dandenong North East
Bruce,Dandenong North Lower
Bruce,Dandenong North West
Bruce,Dandenong Upper
Bruce,Doveton
Bruce,Doveton West
Bruce,Noble Park BRUCE PPVC
Bruce,Rowville BRUCE PPVC
#Eildon
Jagajaga,Kangaroo Ground (Jagajaga)
McEwen,Arthurs Creek
McEwen,Hurstbridge
McEwen,Kangaroo Ground (McEwen)
McEwen,Panton Hill
McEwen,St Andrews (McEwen)
Casey,Badger Creek
Casey,Gladysdale
Casey,Healesville
Casey,Healesville Central
Casey,Healesville PPVC
Casey,Hoddles Creek
Casey,Launching Place
Casey,Millgrove
Casey,St Andrews (Casey)
Casey,Warburton
Casey,Warburton East
Casey,Wesburn
Casey,Woori Yallock
Casey,Yarra Glen
Casey,Yarra Junction
Indi,Alexandra
Indi,Bonnie Doon
Indi,Eildon
Indi,Flowerdale
Indi,Glenburn
Indi,Jamieson
Indi,Kinglake
Indi,Kinglake West
Indi,Mansfield
Indi,Mansfield PPVC
Indi,Marysville
Indi,Narbethong
Indi,Taggerty
Indi,Thornton
Indi,Tolmie
Indi,Toolangi
Indi,Yea
#Eltham
Jagajaga,Briar Hill
Jagajaga,Eltham
Jagajaga,Eltham East
Jagajaga,Eltham North
Jagajaga,Eltham North Upper
Jagajaga,Doncaster East JAGAJAGA PPVC
Jagajaga,Greenhills
Jagajaga,Lower Plenty
Jagajaga,Montmorency
Jagajaga,Montmorency South
Jagajaga,Research
Jagajaga,St Helena (Jagajaga)
McEwen,Diamond Creek
McEwen,Diamond Creek East
McEwen,Diamond Creek West
McEwen,Greensborough MCEWEN PPVC
McEwen,St Helena (McEwen)
McEwen,Wattle Glen
#Essendon
Maribyrnong,Ascot Vale
Maribyrnong,Ascot Vale Central
Maribyrnong,Ascot Vale East
Maribyrnong,Ascot Vale West
Maribyrnong,Brunswick MARIBYRNONG PPVC
Maribyrnong,Essendon
Maribyrnong,Essendon East
Maribyrnong,Essendon MARIBYRNONG PPVC
Maribyrnong,Essendon North
Maribyrnong,Essendon South
Maribyrnong,Essendon West
Maribyrnong,Flemington
Maribyrnong,Footscray MARIBYRNONG PPVC
Maribyrnong,Moonee Ponds MARIBYRNONG PPVC
Maribyrnong,Moonee Ponds West
Maribyrnong,Strathmore
Maribyrnong,Strathmore North
#Eureka
Ballarat,Ballarat East
Ballarat,Brown Hill
Ballarat,Bungaree
Ballarat,Buninyong
Ballarat,Canadian
Ballarat,Cape Clear
Ballarat,Dereel
Ballarat,Elaine
Ballarat,Gordon
Ballarat,Lethbridge
Ballarat,Magpie
Ballarat,Meredith
Ballarat,Mount Clear
Ballarat,Mount Egerton
Ballarat,Mount Pleasant
Ballarat,Rokewood
Ballarat,Teesdale
Ballarat,Warrenheip
Hawke,Bacchus Marsh PPVC
Hawke,Bacchus Marsh
Hawke,Ballan
Hawke,Darley
Hawke,Maddingley
Hawke,Myrniong
Hawke,Pentland Hills
Wannon,Inverleigh
#Euroa
Bendigo,Heathcote
Bendigo,Redesdale
Bendigo,Pyalong
Bendigo,Tooborac
Indi,Benalla
Indi,Benalla PPVC
Indi,Euroa
Indi,Goorambat
Indi,Ruffy
Indi,Seymour INDI PPVC
Indi,Strathbogie
Indi,Swanpool
Indi,Tatong
Indi,Violet Town
McEwen,Clonbinane
Nicholls,Avenel
Nicholls,Broadford
Nicholls,Byrneside
Nicholls,Colbinabbin
Nicholls,Dhurringile
Nicholls,Girgarre
Nicholls,Kilmore
Nicholls,Kilmore Central
Nicholls,Longwood
Nicholls,Merrigum
Nicholls,Murchison
Nicholls,Nagambie
Nicholls,Puckapunyal
Nicholls,Rushworth
Nicholls,Seymour
Nicholls,Seymour NICHOLLS PPVC
Nicholls,Stanhope
Nicholls,Tallarook
#Evelyn
Casey,Chirnside Park PPVC
Casey,Coldstream
Casey,Gruyere
Casey,Lilydale
Casey,Lilydale PPVC
Casey,Lilydale Lake
Casey,Lilydale North
Casey,Lilydale West
Casey,Mount Evelyn
Casey,Mount Evelyn West
Casey,Mooroolbark East
Casey,Mooroolbark North
Casey,Mooroolbark Upper
Casey,Mooroolbark West
Casey,Montrose
Casey,Seville
Casey,Wandin Yallock
#Footscray
Fraser,Footscray
Fraser,Footscray Central
Fraser,Footscray FRASER PPVC
Fraser,Footscray North
Fraser,Footscray South
Fraser,Kingsville
Fraser,Maribyrnong
Fraser,Seddon
Fraser,West Footscray
Fraser,West Footscray Central
Fraser,Yarraville Central
Fraser,Yarraville
#Frankston
Dunkley,Karingal
Dunkley,Karingal Central
Dunkley,Karingal Heights
Dunkley,Frankston
Dunkley,Frankston Central
Dunkley,Frankston DUNKLEY PPVC
Dunkley,Frankston East
Dunkley,Frankston Heights
Dunkley,Frankston Heights East
Dunkley,Frankston North
Dunkley,Frankston Rail
Dunkley,Frankston South
Dunkley,Frankston South East
Dunkley,Frankston South West
Dunkley,Seaford South
#Geelong
Corangamite,Moolap
Corio,Bannockburn
Corio,Bannockburn North
Corio,Belmont North
Corio,Geelong
Corio,Geelong Central CORIO PPVC
Corio,Geelong South
Corio,Geelong West
Corio,Geelong West Upper
Corio,Manifold Heights
Corio,Newcomb
Corio,Newcomb South
Corio,Newtown
Corio,Newtown South
Corio,St Albans Park
Corio,Thomson
Corio,Torquay CORIO PPVC
#Gippsland East
Gippsland,Bairnsdale
Gippsland,Bairnsdale PPVC
Gippsland,Bairnsdale West
Gippsland,Boisdale
Gippsland,Briagolong
Gippsland,Bruthen
Gippsland,Buchan
Gippsland,Bundalaguah
Gippsland,Cobains
Gippsland,Eagle Point
Gippsland,Eastwood
Gippsland,Ellaswood
Gippsland,Glenmaggie
Gippsland,Heyfield
Gippsland,Johnsonville
Gippsland,Lakes Entrance
Gippsland,Lakes Entrance East
Gippsland,Lakes Entrance PPVC
Gippsland,Lindenow
Gippsland,Lucknow
Gippsland,Maffra
Gippsland,Mallacoota
Gippsland,Marlo
Gippsland,Metung
Gippsland,Newlands Arm
Gippsland,Newmerella
Gippsland,Nowa Nowa
Gippsland,Omeo
Gippsland,Orbost
Gippsland,Paynesville
Gippsland,Stratford
Gippsland,Swifts Creek
Gippsland,Toorloo Arm
#Gippsland South
Gippsland,Alberton
Gippsland,Boolarra
Gippsland,Cowwarr
Gippsland,Devon North
Gippsland,Golden Beach
Gippsland,Gormandale
Gippsland,Loch Sport
Gippsland,Longford
Gippsland,Nambrok
Gippsland,Port Albert
Gippsland,Rosedale
Gippsland,Sale
Gippsland,Sale East
Gippsland,Sale North
Gippsland,Sale PPVC
Gippsland,Seaspray
Gippsland,Toongabbie
Gippsland,Woodside
Gippsland,Yarram
Gippsland,Yinnar
Monash,Arawata
Monash,Bena
Monash,Dumbalk
Monash,Fish Creek
Monash,Foster
Monash,Kongwak
Monash,Koonwarra
Monash,Korumburra
Monash,Leongatha
Monash,Leongatha East
Monash,Leongatha South
Monash,Loch
Monash,Meeniyan
Monash,Mirboo North
Monash,Mount Eccles
Monash,Nerrena
Monash,Nyora
Monash,Poowong
Monash,Port Franklin
Monash,Tarwin Lower
Monash,Toora
Monash,Welshpool
Monash,Yanakie
#Glen Waverley
Deakin,Burwood Heights (Deakin)
Deakin,Forest Hill East
Deakin,Mount Waverley DEAKIN PPVC
Deakin,Scoresby DEAKIN PPVC
Deakin,Vermont Central
Deakin,Vermont East
Deakin,Vermont South
Deakin,Vermont South Lower
Chisholm,Burwood East Lower
Chisholm,Burwood Heights (Chisholm)
Chisholm,Glen Waverley
Chisholm,Glen Waverley East
Chisholm,Glen Waverley Heights
Chisholm,Glen Waverley Lower
Chisholm,Glen Waverley North
Chisholm,Glen Waverley South
Chisholm,Glen Waverley West
Chisholm,Jells Park
Chisholm,The Glen
Chisholm,Wheelers Hill
#Greenvale
Calwell,Attwood
Calwell,Avondale Heights CALWELL PPVC
Calwell,Craigieburn South
Calwell,Epping CALWELL PPVC
Calwell,Greenvale
Calwell,Greenvale North
Calwell,Greenvale South
Calwell,Meadow Heights
Calwell,Meadow Heights Central
Calwell,Meadow Heights South
Calwell,Roxburgh Homestead
Calwell,Roxburgh Park
Calwell,Roxburgh Park North
Calwell,Roxburgh Rise
Calwell,Westmeadows
#Hastings
Dunkley,Baxter (Dunkley)
Dunkley,Langwarrin
Dunkley,Langwarrin Central
Dunkley,Langwarrin North
Dunkley,Langwarrin Park
Flinders,Balnarring
Flinders,Baxter (Flinders)
Flinders,Bittern
Flinders,Crib Point
Flinders,Hastings
Flinders,Hastings FLINDERS PPVC
Flinders,Hastings West
Flinders,Somers
Flinders,Somerville
Flinders,Somerville East
Flinders,Somerville West
Flinders,Tyabb
#Hawthorn
Chisholm,Camberwell West (Chisholm)
Chisholm,Hartwell (Chisholm)
Kooyong,Ashburton KOOYONG PPVC
Kooyong,Camberwell
Kooyong,Canterbury South
Kooyong,Camberwell South (Kooyong)
Kooyong,Camberwell West (Kooyong)
Kooyong,Canterbury
Kooyong,Chatham
Kooyong,Glenferrie
Kooyong,Hartwell (Kooyong)
Kooyong,Hawthorn
Kooyong,Hawthorn Central
Kooyong,Hawthorn East
Kooyong,Hawthorn East Central
Kooyong,Hawthorn East South
Kooyong,Hawthorn South
Kooyong,Hawthorn West
Kooyong,Melbourne CBD North East (Kooyong)
Kooyong,Melbourne CBD North West (Kooyong)
Kooyong,Melbourne CBD South Central (Kooyong)
Kooyong,Surrey Hills West (Kooyong)
Menzies,Surrey Hills West (Menzies)
#Ivanhoe
Jagajaga,Bellfield
Jagajaga,Heidelberg
Jagajaga,Heidelberg Heights
Jagajaga,Heidelberg JAGAJAGA PPVC
Jagajaga,Heidelberg West
Jagajaga,Ivanhoe
Jagajaga,Ivanhoe East
Jagajaga,Ivanhoe South
Jagajaga,Macleod
Jagajaga,Olympic Village
Jagajaga,Preston JAGAJAGA PPVC
Jagajaga,Rosanna
Jagajaga,Rosanna Central
Jagajaga,Rosanna East
#Kalkallo
Calwell,Aitken Creek
Calwell,Craigieburn
Calwell,Craigieburn CALWELL PPVC
Calwell,Craigieburn Central
Calwell,Craigieburn North
Calwell,Craigieburn West
Calwell,Kalkallo (Calwell)
Calwell,Mickleham
Calwell,Mickleham East
Calwell,Mount Ridley
McEwen,Beveridge
McEwen,Craigieburn MCEWEN PPVC
McEwen,Kalkallo (McEwen)
McEwen,Wallan Central
McEwen,Wallan South
McEwen,Wallan Wallan
#Kew
Kooyong,Abbotsford KOOYONG PPVC
Kooyong,Balwyn
Kooyong,Balwyn North
Kooyong,Balwyn North Central
Kooyong,Bellevue
Kooyong,Blackburn KOOYONG PPVC
Kooyong,Canterbury West
Kooyong,Deepdene
Kooyong,Greythorn (Kooyong)
Kooyong,Heidelberg KOOYONG PPVC
Kooyong,Kew
Kooyong,Kew East
Kooyong,Kew East Central
Kooyong,Kew KOOYONG PPVC
Kooyong,Kew North
Kooyong,Kew North West
Kooyong,Kew South
Kooyong,Kew West
Kooyong,Surrey Hills North
Menzies,Greythorn (Menzies)
#Kororoit
Gorton,Aintree
Gorton,Burnside
Gorton,Burnside Heights
Gorton,Cairnlea (Gorton)
Gorton,Caroline Springs
Gorton,Caroline Springs Central
Gorton,Caroline Springs GORTON PPVC
Gorton,Caroline Springs South
Gorton,Deer Park
Gorton,Deer Park Central
Gorton,Deer Park West
Gorton,Derrimut
Gorton,Kings Park South
Gorton,Melton GORTON PPVC
Gorton,Rockbank
Gorton,Sunshine GORTON PPVC
Gorton,Truganina GORTON PPVC
#Lara
Corio,Anakie
Corio,Bell Park
Corio,Bell Post Hill
Corio,Bell Park South
Corio,Corio
Corio,Corio Central
Corio,Corio West
Corio,Geelong North CORIO PPVC
Corio,Lara CBD
Corio,Lara Central
Corio,Lara East
Corio,Lara Lake
Corio,Lara PPVC
Corio,Norlane
Corio,North Shore
Corio,Hamlyn Heights
Corio,Herne Hill
#Laverton
Fraser,Albion
Fraser,Braybrook
Fraser,Sunshine East
Fraser,Sunshine North
Fraser,Sunshine West
Fraser,Sunshine West Central
Fraser,Sunshine West South
Fraser,Sunshine FRASER PPVC
Gellibrand,Laverton North
Gellibrand,Truganina
Gellibrand,Truganina East (Gellibrand)
Gellibrand,Truganina GELLIBRAND PPVC
Gellibrand,Truganina South
#Lowan
Mallee,Apsley
Mallee,Concongella
Mallee,Dimboola
Mallee,Edenhope
Mallee,Goroke
Mallee,Great Western
Mallee,Halls Gap
Mallee,Harrow
Mallee,Haven
Mallee,Horsham
Mallee,Horsham East
Mallee,Horsham North
Mallee,Horsham PPVC
Mallee,Horsham West
Mallee,Jeparit
Mallee,Kaniva
Mallee,Minyip
Mallee,Murtoa
Mallee,Natimuk
Mallee,Nhill
Mallee,Rainbow
Mallee,Rupanyup
Mallee,Stawell
Mallee,Stawell PPVC
Mallee,Stawell West
Mallee,Warracknabeal
Wannon,Balmoral
Wannon,Branxholme
Wannon,Casterton
Wannon,Cavendish
Wannon,Coleraine
Wannon,Dartmoor
Wannon,Dunkeld
Wannon,Glenthompson
Wannon,Hamilton
Wannon,Hamilton North
Wannon,Hamilton PPVC
Wannon,Lake Bolac
Wannon,Merino
Wannon,Mortlake
Wannon,Moyston
Wannon,Penshurst
Wannon,Tarrington
Wannon,Willaura
#Macedon
Hawke,Blackwood
McEwen,Bolinda
McEwen,Bullengarook
McEwen,Darraweit Guim
McEwen,Gisborne
McEwen,Gisborne PPVC
McEwen,Gisborne South
McEwen,Lancefield
McEwen,Macedon
McEwen,Mount Macedon
McEwen,New Gisborne
McEwen,Newham
McEwen,Riddell
McEwen,Romsey
McEwen,Sunbury MCEWEN PPVC
McEwen,Woodend
McEwen,Woodend East
Ballarat,Daylesford
Ballarat,Drummond
Ballarat,Glenlyon
Ballarat,Hepburn Springs
Ballarat,Trentham
Ballarat,Yandoit
Bendigo,Elphinstone
Bendigo,Kyneton
Bendigo,Kyneton East
Bendigo,Malmsbury
Bendigo,Taradale
Bendigo,Tylden
#Malvern
Chisholm,Carnegie North
Chisholm,Chadstone
Chisholm,Darling
Chisholm,Gardiner
Chisholm,Malvern (Chisholm)
Chisholm,Malvern CHISHOLM PPVC
Chisholm,Malvern East
Chisholm,Malvern South (Chisholm)
Kooyong,Armadale
Kooyong,Armadale Central
Kooyong,Armadale North
Kooyong,Malvern Central
Kooyong,Malvern (Kooyong)
Kooyong,Malvern KOOYONG PPVC
Kooyong,Malvern South (Kooyong)
Kooyong,Toorak
Kooyong,Toorak Central
Kooyong,Toorak West
#Melbourne
Melbourne,Brunswick MELBOURNE PPVC
Melbourne,Carlton
Melbourne,Carlton Central (Melbourne)
Melbourne,Carlton South
Melbourne,Docklands (Melbourne)
Melbourne,East Melbourne
Melbourne,Footscray MELBOURNE PPVC
Melbourne,Hotham
Melbourne,Melbourne CBD North East (Melbourne)
Melbourne,Melbourne CBD North West (Melbourne)
Melbourne,Melbourne CBD South Central (Melbourne)
Melbourne,Melbourne MELBOURNE PPVC
Melbourne,Moonee Ponds MELBOURNE PPVC
Melbourne,North Melbourne
Melbourne,North Melbourne Central
Melbourne,Parkville
Melbourne,Princes Hill (Melbourne)
Melbourne,Southbank (Melbourne)
Maribyrnong,Kensington
Maribyrnong,Kensington Central
Maribyrnong,Melbourne CBD North East (Maribyrnong)
Maribyrnong,Melbourne CBD North West (Maribyrnong)
Maribyrnong,Melbourne CBD South Central (Maribyrnong)
Maribyrnong,Melbourne MARIBYRNONG PPVC
#Melton
Gorton,Thornhill Park
Hawke,Brookfield
Hawke,Coburn
Hawke,Eynesbury
Hawke,Harkness
Hawke,Kurunjang
Hawke,Melton
Hawke,Melton HAWKE PPVC
Hawke,Melton South
Hawke,Strathtulloh
Hawke,Toolern Vale
Hawke,Westlake
Hawke,West Melton
#Mildura
Mallee,Beulah
Mallee,Birchip
Mallee,Cabarita
Mallee,Cardross
Mallee,Charlton
Mallee,Donald
Mallee,Hopetoun
Mallee,Irymple
Mallee,Koorlong
Mallee,Manangatang
Mallee,Merbein
Mallee,Mildura
Mallee,Mildura City Central
Mallee,Mildura Deakin
Mallee,Mildura MALLEE PPVC
Mallee,Mildura South
Mallee,Mildura South West
Mallee,Mildura West
Mallee,Murrayville
Mallee,Nangiloc
Mallee,Nichols Point
Mallee,Piangil
Mallee,Outer Mildura PPVC
Mallee,Ouyen
Mallee,Red Cliffs
Mallee,Robinvale
Mallee,Sea Lake
Mallee,Underbool
Mallee,Woomelang
Mallee,Wycheproof
#Mill Park
Scullin,Epping Central
Scullin,Epping East
Scullin,Mill Park Central
Scullin,Mill Park East
Scullin,Mill Park Heights
Scullin,Mill Park North
Scullin,Mill Park SCULLIN PPVC
Scullin,Mill Park West
Scullin,South Morang
Scullin,South Morang Central
Scullin,South Morang Lakes
#Monbulk
Casey,Belgrave
Casey,Belgrave South
Casey,Boronia CASEY PPVC
Casey,Emerald (Casey)
Casey,Ferny Creek
Casey,Kallista
Casey,Macclesfield
Casey,Menzies Creek
Casey,Monbulk
Casey,Montrose South
Casey,Mount Dandenong
Casey,Olinda
Casey,Rowville CASEY PPVC
Casey,Sassafras
Casey,Selby
Casey,Silvan
Casey,Tecoma
Casey,The Patch
Casey,Upper Ferntree Gully (Casey)
Casey,Upwey
Casey,Upwey South
Aston,Ferntree Gully
Aston,Ferntree Gully North
Aston,Upper Ferntree Gully (Aston)
La Trobe,Cockatoo
La Trobe,Emerald (La Trobe)
La Trobe,Gembrook
#Mordialloc
Dunkley,Chelsea Central (Dunkley)
Dunkley,Chelsea Heights (Dunkley)
Isaacs,Aspendale
Isaacs,Aspendale Central
Isaacs,Aspendale Gardens
Isaacs,Chelsea
Isaacs,Chelsea Central (Isaacs)
Isaacs,Chelsea Heights (Isaacs)
Isaacs,Carrum Downs ISAACS PPVC
Isaacs,Edithvale
Isaacs,Keysborough
Isaacs,Keysborough South
Isaacs,Keysborough West
Isaacs,Mordialloc East
Isaacs,Mordialloc ISAACS PPVC
Isaacs,Parkdale
Isaacs,Parkdale Central
Isaacs,Parkdale East
#Mornington
Dunkley,Mount Eliza (Dunkley)
Dunkley,Mount Eliza DUNKLEY PPVC
Dunkley,Mount Eliza North
Flinders,Frankston FLINDERS PPVC
Flinders,Moorooduc
Flinders,Mornington
Flinders,Mornington Central
Flinders,Mornington East
Flinders,Mornington Park
Flinders,Mornington South
Flinders,Mount Eliza Central
Flinders,Mount Eliza (Flinders)
Flinders,Mount Eliza FLINDERS PPVC
Flinders,Mount Eliza South
Flinders,Mount Eliza West
Flinders,Mount Martha
Flinders,Mount Martha Nepean
Flinders,Mount Martha North
Flinders,Mount Martha PPVC
#Morwell
Monash,Moe
Monash,Moe Central
Monash,Moe PPVC
Monash,Moe West
Monash,Morwell MONASH PPVC
Monash,Newborough
Monash,Newborough East
Gippsland,Churchill
Gippsland,Churchill Central
Gippsland,Glengarry
Gippsland,Hazelwood North
Gippsland,Morwell
Gippsland,Morwell Estate
Gippsland,Morwell GIPPSLAND PPVC
Gippsland,Traralgon
Gippsland,Traralgon East
Gippsland,Traralgon North
Gippsland,Traralgon PPVC
Gippsland,Traralgon South
Gippsland,Traralgon West
Gippsland,Tyers
Gippsland,Yallourn North
#Mulgrave
Bruce,Mulgrave BRUCE PPVC
Bruce,Mulgrave East (Bruce)
Bruce,Noble Park North (Bruce)
Chisholm,Wheelers Hill Central (Chisholm)
Chisholm,Wheelers Hill South
Chisholm,Mulgrave CHISHOLM PPVC
Hotham,Dandenong HOTHAM PPVC
Hotham,Mulgrave Central
Hotham,Mulgrave East (Hotham)
Hotham,Mulgrave
Hotham,Mulgrave HOTHAM PPVC
Hotham,Mulgrave South
Hotham,Noble Park HOTHAM PPVC
Hotham,Noble Park North (Hotham)
Hotham,Noble Park North Upper
Hotham,Noble Park Upper
Hotham,Sandown Park
Hotham,Springvale
Hotham,Springvale Central
Hotham,Springvale West
Hotham,Wheelers Hill Central (Hotham)
Hotham,Wheelers Hill West
#Murray Plains
Bendigo,Echuca BENDIGO PPVC
Bendigo,Rochester
Mallee,Beverford
Mallee,Boort
Mallee,Calivil
Mallee,Cohuna
Mallee,Kerang
Mallee,Kerang North
Mallee,Koondrook
Mallee,Lake Boga
Mallee,Lake Charm
Mallee,Leitchville
Mallee,Murrabit
Mallee,Nyah
Mallee,Nyah West
Mallee,Pyramid Hill
Mallee,Quambatook
Mallee,Swan Hill
Mallee,Swan Hill PPVC
Mallee,Swan Hill West
Mallee,Woorinen
Nicholls,Bamawm
Nicholls,Echuca
Nicholls,Echuca East
Nicholls,Echuca NICHOLLS PPVC
Nicholls,Echuca West
Nicholls,Gunbower
Nicholls,Kyabram
Nicholls,Kyabram PPVC
Nicholls,Kyabram West
Nicholls,Ky Valley
Nicholls,Lancaster
Nicholls,Lockington
Nicholls,Nanneella
Nicholls,Tongala
Nicholls,Torrumbarry
Nicholls,Undera
#Narracan
La Trobe,Bunyip
La Trobe,Garfield
La Trobe,Maryknoll
La Trobe,Nar Nar Goon
La Trobe,Nar Nar Goon North
La Trobe,Tynong
La Trobe,Warragul LA TROBE PPVC
Monash,Bona Vista
Monash,Buln Buln
Monash,Darnum
Monash,Drouin
Monash,Drouin Central
Monash,Drouin South
Monash,Drouin Summerhill
Monash,Drouin West
Monash,Ellinbank
Monash,Erica
Monash,Jindivick
Monash,Labertouche
Monash,Longwarry
Monash,Narracan
Monash,Neerim South
Monash,Nilma
Monash,Noojee
Monash,Pakenham MONASH PPVC
Monash,Thorpdale
Monash,Trafalgar
Monash,Warragul
Monash,Warragul East
Monash,Warragul MONASH PPVC
Monash,Warragul North
Monash,Willowgrove
Monash,Yarragon
#Narre Warren North
Bruce,Berwick Central
Bruce,Berwick North
Bruce,Endeavour Hills
Bruce,Endeavour Hills Central
Bruce,Endeavour Hills East
Bruce,Endeavour Hills North
Bruce,Endeavour Hills North East
Bruce,Endeavour Hills Upper
Bruce,Fountain Gate
Bruce,Hallam
Bruce,Hallam East
Bruce,Narre Warren
Bruce,Narre Warren Central
Bruce,Narre Warren North
Bruce,Narre Warren West
#Narre Warren South
Bruce,Clyde BRUCE PPVC
Bruce,Cranbourne BRUCE PPVC
Bruce,Cranbourne North
Bruce,Cranbourne North Upper (Bruce)
Bruce,Hampton Park North (Bruce)
Bruce,Lynbrook BRUCE PPVC
Bruce,Narre Warren South East (Bruce)
Holt,Berwick HOLT PPVC
Holt,Cranbourne North Central
Holt,Cranbourne North West
Holt,Dandenong HOLT PPVC
Holt,Hampton Park
Holt,Hampton Park East
Holt,Hampton Park North (Holt)
Holt,Hampton Park South
Holt,Lynbrook
Holt,Lynbrook HOLT PPVC
Holt,Lynbrook South
Holt,Narre Warren South
Holt,Narre Warren South Central
Holt,Narre Warren South East (Holt)
Holt,Narre Warren South West
#Nepean
Flinders,Blairgowrie
Flinders,Boneo
Flinders,Dromana
Flinders,Dromana Beach
Flinders,Dromana North
Flinders,Flinders
Flinders,Portsea
Flinders,Red Hill
Flinders,Rosebud East
Flinders,Rosebud PPVC
Flinders,Rosebud South
Flinders,Rosebud West
Flinders,Rye
Flinders,Shoreham
Flinders,Sorrento
Flinders,St Andrews Beach
Flinders,Tootgarook
#Niddrie
Maribyrnong,Aberfeldie
Maribyrnong,Airport West
Maribyrnong,Avondale Heights
Maribyrnong,Avondale Heights Central
Maribyrnong,Avondale Heights MARIBYRNONG PPVC
Maribyrnong,Avondale Heights West
Maribyrnong,Essendon Heights
Maribyrnong,Gowanbrae
Maribyrnong,Keilor East
Maribyrnong,Keilor Heights
Maribyrnong,Keilor Park
Maribyrnong,Keilor South
Maribyrnong,Niddrie Central
Gorton,Essendon GORTON PPVC
Gorton,Keilor
Gorton,Keilor Village
#Northcote
Cooper,Alphington
Cooper,Bell
Cooper,Croxton
Cooper,Fairfield
Cooper,Fairfield North
Cooper,Heidelberg COOPER PPVC
Cooper,Melbourne CBD North East (Cooper)
Cooper,Melbourne CBD North West (Cooper)
Cooper,Melbourne CBD South Central (Cooper)
Cooper,Northcote
Cooper,Northcote Central
Cooper,Northcote North
Cooper,Northcote COOPER PPVC
Cooper,Northcote South
Cooper,Northcote West
Cooper,Thornbury
Cooper,Thornbury East
Cooper,Thornbury South
Cooper,Westgarth
#Oakleigh
Hotham,Carnegie
Hotham,Carnegie East
Hotham,Carnegie Upper
Hotham,Carnegie West (Hotham)
Hotham,Clayton
Hotham,Clayton North
Hotham,Hughesdale
Hotham,Malvern HOTHAM PPVC
Hotham,Mount Waverley HOTHAM PPVC
Hotham,Mount Waverley Lower (Hotham)
Hotham,Murrumbeena
Hotham,Murrumbeena South
Hotham,Oakleigh
Hotham,Oakleigh Central
Hotham,Oakleigh East
Hotham,Oakleigh HOTHAM PPVC
Hotham,Oakleigh South
Hotham,Pinewood (Hotham)
#Ovens Valley
Indi,Bright
Indi,Bright PPVC
Indi,Dederang
Indi,Eldorado
Indi,Gapsted
Indi,Glenrowan
Indi,Harrietville
Indi,Milawa
Indi,Mount Beauty
Indi,Moyhu
Indi,Mudgegonga
Indi,Myrtleford
Indi,Porepunkah
Indi,Springhurst
Indi,Tarrawingee
Indi,Wandiligong
Indi,Wangaratta
Indi,Wangaratta PPVC
Indi,West End
Indi,Whitfield
Indi,Whorouly
Indi,Yarrunga
Nicholls,Cobram
Nicholls,Cobram NICHOLLS PPVC
Nicholls,Invergordon
Nicholls,Katamatite
Nicholls,St James
Nicholls,Tungamah
Nicholls,Yarrawonga
Nicholls,Yarrawonga NICHOLLS PPVC
Nicholls,Yarroweyah
#Pakenham
La Trobe,Dandenong LA TROBE PPVC
La Trobe,Officer
La Trobe,Officer Central
La Trobe,Officer North
La Trobe,Pakenham
La Trobe,Pakenham Central
La Trobe,Pakenham East
La Trobe,Pakenham Heights
La Trobe,Pakenham LA TROBE PPVC
La Trobe,Pakenham North
La Trobe,Pakenham Shearwater
La Trobe,Pakenham Springs
La Trobe,Pakenham Upper
La Trobe,Pakenham West
#Pascoe Vale
Cooper,Coburg Lake (Cooper)
Cooper,Murray
Maribyrnong,Pascoe Vale South (Maribyrnong)
Wills,Brunswick North West
Wills,Coburg
Wills,Coburg East
Wills,Coburg Lake (Wills)
Wills,Coburg North
Wills,Coburg North West
Wills,Coburg South
Wills,Coburg West
Wills,Essendon WILLS PPVC
Wills,Hadfield
Wills,Moreland
Wills,Pascoe Vale
Wills,Pascoe Vale Central
Wills,Pascoe Vale Middle
Wills,Pascoe Vale North
Wills,Pascoe Vale South (Wills)
Wills,Preston WILLS PPVC
#Point Cook
Gellibrand,Alamanda
Gellibrand,Altona Bay
Gellibrand,Altona Green
Gellibrand,Altona Meadows
Gellibrand,Altona Meadows East
Gellibrand,Featherbrook
Gellibrand,Hoppers Crossing GELLIBRAND PPVC
Gellibrand,Point Cook
Gellibrand,Point Cook Central
Gellibrand,Point Cook North
Gellibrand,Point Cook GELLIBRAND PPVC
Gellibrand,Point Cook West
Gellibrand,Sanctuary Lakes
Gellibrand,Seabrook
Gellibrand,Werribee GELLIBRAND PPVC
Lalor,Werribee South
#Polwarth
Corangamite,Bellbrae
Corangamite,Torquay
Corangamite,Torquay CORANGAMITE PPVC
Corangamite,Torquay North
Corangamite,Torquay East
Wannon,Aireys Inlet
Wannon,Anglesea
Wannon,Apollo Bay
Wannon,Beeac
Wannon,Birregurra
Wannon,Camperdown
Wannon,Carpendeit
Wannon,Cobden
Wannon,Colac East
Wannon,Colac PPVC
Wannon,Colac West
Wannon,Cororooke
Wannon,Cressy
Wannon,Deans Marsh
Wannon,Derrinallum
Wannon,Ecklin South
Wannon,Elliminyt
Wannon,Forrest
Wannon,Gellibrand River
Wannon,Irrewillipe
Wannon,Lavers Hill
Wannon,Lismore
Wannon,Lorne
Wannon,Port Campbell
Wannon,Princetown
Wannon,Scotts Creek
Wannon,Simpson
Wannon,Timboon
Wannon,Torquay WANNON PPVC
Wannon,Warrion
Wannon,Winchelsea South
Wannon,Winchelsea
#Prahran
Kooyong,Prahran North East
Macnamara,Balaclava
Macnamara,Duggan
Macnamara,Fawkner Park (Macnamara)
Macnamara,St Kilda
Macnamara,St Kilda North
Macnamara,Prahran East (Macnamara)
Macnamara,Windsor
Melbourne,Fawkner Park (Melbourne)
Melbourne,Hawksburn
Melbourne,Prahran East (Melbourne)
Melbourne,Prahran
Melbourne,South Yarra
Melbourne,South Yarra Central
Melbourne,South Yarra South
Melbourne,St Kilda MELBOURNE PPVC
#Preston
Cooper,Darebin
Cooper,Edgar
Cooper,Edgar North
Cooper,Epping COOPER PPVC
Cooper,Newlands
Cooper,Preston
Cooper,Preston COOPER PPVC
Cooper,Preston East
Cooper,Preston North East
Cooper,Preston South
Cooper,Preston West
Cooper,Regent
Cooper,Regent West
Cooper,Reservoir
Cooper,Reservoir Central
Cooper,Reservoir East
Cooper,Reservoir North
Cooper,Reservoir North East
Cooper,Reservoir South
Cooper,Reservoir Upper
Cooper,Reservoir West
#Richmond
Cooper,Abbotsford COOPER PPVC
Cooper,Clifton Hill
Cooper,Collingwood North (Cooper)
Melbourne,Abbotsford
Melbourne,Abbotsford MELBOURNE PPVC
Melbourne,Abbotsford South
Melbourne,Burnley
Melbourne,Collingwood
Melbourne,Collingwood North (Melbourne)
Melbourne,Cremorne
Melbourne,Fitzroy
Melbourne,Fitzroy Central
Melbourne,Kew MELBOURNE PPVC
Melbourne,Northcote MELBOURNE PPVC
Melbourne,Richmond
Melbourne,Richmond Central
Melbourne,Richmond South
Melbourne,Richmond West
#Ringwood
Aston,Heathmont (Aston)
Aston,Heathmont East
Aston,Heathmont West
Aston,Ringwood ASTON PPVC
Deakin,Antonio Park
Deakin,Bedford Park
Deakin,Blackburn (Deakin)
Deakin,Blackburn DEAKIN PPVC
Deakin,Blackburn Lake
Deakin,Blackburn North (Deakin)
Deakin,Blackburn North Heights
Deakin,Forest Hill
Deakin,Heatherdale
Deakin,Heathmont (Deakin)
Deakin,Heathmont North
Deakin,Mitcham
Deakin,Mitcham Lower
Deakin,Mitcham North
Deakin,Nunawading South
Deakin,Ringwood
Deakin,Ringwood Central
Deakin,Ringwood East
Deakin,Ringwood East Central
Deakin,Ringwood DEAKIN PPVC
Deakin,Tinternvale
Deakin,Vermont North
#Ripon
Ballarat,Cardigan Village
Ballarat,Clunes
Ballarat,Creswick
Ballarat,Creswick North
Ballarat,Haddon
Ballarat,Learmonth
Ballarat,Linton
Ballarat,Lucas
Ballarat,Miners Rest
Ballarat,Napoleons
Ballarat,Newlyn
Ballarat,Ross Creek
Ballarat,Smythesdale
Wannon,Ararat
Wannon,Ararat PPVC
Wannon,Ararat West
Wannon,Ballarat WANNON PPVC
Wannon,Beaufort
Wannon,Elmhurst
Wannon,Lexton
Wannon,Skipton
Wannon,Snake Valley
Wannon,Waubra
Mallee,Avoca
Mallee,Bealiba
Mallee,Bendigo MALLEE PPVC
Mallee,Bridgewater
Mallee,Carisbrook
Mallee,Dunolly
Mallee,Eaglehawk MALLEE PPVC
Mallee,Inglewood
Mallee,Landsborough
Mallee,Maryborough
Mallee,Maryborough East
Mallee,Maryborough PPVC
Mallee,Moonambel
Mallee,Newbridge
Mallee,St Arnaud
Mallee,Talbot
Mallee,Tarnagulla
Mallee,Timor
Mallee,Wedderburn
#Rowville
Aston,Knoxfield
Aston,Knoxfield Central
Aston,Lysterfield
Aston,Rowville
Aston,Rowville Central
Aston,Rowville East
Aston,Rowville Heights
Aston,Rowville North
Aston,Rowville North East
Aston,Rowville ASTON PPVC
Aston,Rowville South
Aston,Scoresby
Aston,Scoresby ASTON PPVC
Aston,Wantirna South
Aston,Wantirna South West
Aston,Wantirna West
#Sandringham
Goldstein,Beaumaris
Goldstein,Beaumaris Central
Goldstein,Beaumaris North
Goldstein,Black Rock
Goldstein,Black Rock South
Goldstein,Cheltenham (Goldstein)
Goldstein,Hampton Central
Goldstein,Hampton GOLDSTEIN PPVC
Goldstein,Highett
Goldstein,Highett West
Goldstein,Mentone West (Goldstein)
Goldstein,Moorabbin West
Goldstein,Sandringham
Goldstein,Sandringham North
Isaacs,Cheltenham (Isaacs)
Isaacs,Mentone
Isaacs,Mentone West (Isaacs)
#Shepparton
Nicholls,Ardmona
Nicholls,Bunbartha
Nicholls,Congupna
Nicholls,Dookie
Nicholls,Gowrie
Nicholls,Guthrie
Nicholls,Katandra West
Nicholls,Katunga
Nicholls,Kialla
Nicholls,Kialla West
Nicholls,Lemnos
Nicholls,Mooroopna
Nicholls,Mooroopna Park
Nicholls,Nathalia
Nicholls,Numurkah
Nicholls,Orrvale
Nicholls,Picola
Nicholls,Shepparton Central
Nicholls,Shepparton City PPVC
Nicholls,Shepparton East
Nicholls,Shepparton North
Nicholls,Shepparton South
Nicholls,Shepparton PPVC
Nicholls,Strathmerton
Nicholls,Tatura
Nicholls,Toolamba
Nicholls,Wanganui
Nicholls,Wilmot
Nicholls,Wunghnu
#South Barwon
Corangamite,Armstrong Creek East
Corangamite,Ceres
Corangamite,Charlemont
Corangamite,Connewarre
Corangamite,Freshwater Creek
Corangamite,Geelong Central CORANGAMITE PPVC
Corangamite,Geelong North CORANGAMITE PPVC
Corangamite,Grovedale
Corangamite,Grovedale Central
Corangamite,Grovedale East
Corangamite,Grovedale West
Corangamite,Mount Duneed
Corangamite,Mount Duneed Upper
Corio,Belmont
Corio,Highton
Corio,Highton North
Corio,Highton South
Corio,Highton West
Wannon,Moriac
#South-West Coast
Wannon,Allansford
Wannon,Bolwarra
Wannon,Dennington
Wannon,Hawkesdale
Wannon,Heywood
Wannon,Koroit
Wannon,Macarthur
Wannon,Mailors Flat
Wannon,Narrawong
Wannon,Nelson
Wannon,Noorat
Wannon,Nullawarre
Wannon,Panmure
Wannon,Peterborough
Wannon,Port Fairy
Wannon,Portland South
Wannon,Portland Central
Wannon,Portland North
Wannon,Portland PPVC
Wannon,Purnim
Wannon,Terang
Wannon,Warrnambool West
Wannon,Warrnambool PPVC
Wannon,Warrnambool North Central
Wannon,Warrnambool Central
Wannon,Warrnambool
Wannon,Warrnambool East
Wannon,Woodford
Wannon,Woolsthorpe
#St Albans
Fraser,Cairnlea (Fraser)
Fraser,Caroline Springs FRASER PPVC
Fraser,Kealba
Fraser,St Albans East
Fraser,St Albans FRASER PPVC
Fraser,St Albans North (Fraser)
Fraser,St Albans South
Fraser,St Albans South East
Fraser,St Albans West
Fraser,Sunshine
Fraser,Sunshine North West
Gorton,Keilor Downs
Gorton,Keilor Downs West
Gorton,St Albans GORTON PPVC
Gorton,St Albans North (Gorton)
#Sunbury
Hawke,Diggers Rest
Hawke,Killara
Hawke,Sunbury
Hawke,Sunbury East
Hawke,Sunbury HAWKE PPVC
Hawke,Sunbury Heights
Hawke,Sunbury North
Hawke,Sunbury South
Hawke,Sunbury West
Maribyrnong,Broadmeadows MARIBYRNONG PPVC
Maribyrnong,Gladstone Park (Maribyrnong)
Maribyrnong,Gladstone Park West
Maribyrnong,Tullamarine
Calwell,Gladstone Park (Calwell)
#Sydenham
Gorton,Caroline Springs North
Gorton,Deanside
Gorton,Delahey
Gorton,Fraser Rise
Gorton,Hillside (Gorton)
Gorton,Hillside South
Gorton,Kings Park
Gorton,Sydenham Central
Gorton,Sydenham East
Gorton,Sydenham PPVC
Gorton,Sydenham West
Gorton,Taylors Hill
Gorton,Taylors Lakes Central
Gorton,Taylors Lakes North
Hawke,Caroline Springs HAWKE PPVC
Hawke,Hillside (Hawke)
#Tarneit
Lalor,Bellbridge
Lalor,Cambridge
Lalor,Davis Creek
Lalor,Derrimut Heath
Lalor,Hoppers Crossing LALOR PPVC
Lalor,Karwan
Lalor,Mossfiel
Lalor,Point Cook LALOR PPVC
Lalor,Tarneit
Lalor,Tarneit Central
Lalor,Tarneit West
Lalor,The Grange
Lalor,Truganina LALOR PPVC
Lalor,Truganina East (Lalor)
Lalor,Wimba
Lalor,Woodville
#Thomastown
Scullin,Epping
Scullin,Epping North
Scullin,Epping SCULLIN PPVC
Scullin,Epping South
Scullin,Epping Views
Scullin,Epping West
Scullin,Lalor
Scullin,Lalor Central
Scullin,Lalor East
Scullin,Lalor North
Scullin,Lalor Park
Scullin,Lalor West
Scullin,Thomastown
Scullin,Thomastown East
Scullin,Thomastown Heights
Scullin,Thomastown Meadows
Scullin,Thomastown West
Scullin,Wollert
Scullin,Wollert South (Scullin)
#Warrandyte
Casey,Chirnside Park
Casey,Wonga Park
Deakin,Doncaster East DEAKIN PPVC
Deakin,Donvale
Deakin,Donvale South (Deakin)
Deakin,Park Orchards
Deakin,Ringwood Heights
Deakin,Ringwood North
Deakin,Ringwood Upper
Deakin,Warranwood
Jagajaga,Warrandyte (Jagajaga)
Jagajaga,North Warrandyte
Menzies,Doncaster
Menzies,Doncaster East
Menzies,Doncaster East Central
Menzies,Doncaster East Lower
Menzies,Doncaster East MENZIES PPVC
Menzies,Doncaster Gardens
Menzies,Doncaster Heights
Menzies,Donvale South (Menzies)
Menzies,Donvale Upper
Menzies,The Pines
Menzies,Warrandyte (Menzies)
#Werribee
Corio,Little River
Lalor,Galvin Park
Lalor,Glenorden
Lalor,Iramoo
Lalor,Manor Lakes
Lalor,Manor Lakes PPVC
Lalor,Manorvale
Lalor,Thomas Chirnside
Lalor,Werribee Central
Lalor,Werribee East
Lalor,Werribee LALOR PPVC
Lalor,Westgrove
Lalor,Wyndham South
Lalor,Wyndham Vale
Lalor,Wyndham Vale South
#Wendouree
Ballarat,Alfredton
Ballarat,Alfredton West
Ballarat,Ballarat
Ballarat,Ballarat BALLARAT PPVC
Ballarat,Ballarat North
Ballarat,Ballarat West PPVC
Ballarat,Black Hill
Ballarat,Delacombe
Ballarat,Lake Wendouree
Ballarat,Newington
Ballarat,Redan
Ballarat,Sebastopol
Ballarat,Sebastopol North
Ballarat,Sebastopol PPVC
Ballarat,Wendouree
Ballarat,Wendouree North
Ballarat,Wendouree West
#Williamstown
Fraser,Newport FRASER PPVC
Fraser,South Kingsville (Fraser)
Fraser,Spotswood (Fraser)
Fraser,Yarraville South
Gellibrand,Altona
Gellibrand,Altona Gate
Gellibrand,Altona Lakes
Gellibrand,Altona North
Gellibrand,Altona West
Gellibrand,Footscray GELLIBRAND PPVC
Gellibrand,Melbourne CBD North East (Gellibrand)
Gellibrand,Melbourne CBD North West (Gellibrand)
Gellibrand,Melbourne CBD South Central (Gellibrand)
Gellibrand,Seaholme
Gellibrand,South Kingsville (Gellibrand)
Gellibrand,Spotswood (Gellibrand)
Gellibrand,Newport
Gellibrand,Newport GELLIBRAND PPVC
Gellibrand,Newport West
Gellibrand,Williamstown
Gellibrand,Williamstown Bayview
Gellibrand,Williamstown North
Gellibrand,Williamstown South
Gellibrand,Williamstown West
#Yan Yean
Scullin,Mernda Central (Scullin)
Scullin,Mernda Park (Scullin)
McEwen,Doreen
McEwen,Doreen Central
McEwen,Doreen East
McEwen,Epping MCEWEN PPVC
McEwen,Laurimar
McEwen,Laurimar Central
McEwen,Laurimar East
McEwen,Mernda
McEwen,Mernda Central (McEwen)
McEwen,Mernda Park (McEwen)
McEwen,Mernda South
McEwen,Mill Park MCEWEN PPVC
McEwen,Plenty
McEwen,Wandong
McEwen,Wandong PPVC
McEwen,Whittlesea
McEwen,Whittlesea Central
McEwen,Wollert South (McEwen)
McEwen,Woodstock
McEwen,Yan Yean
McEwen,Yarrambat